Resumen,Clave de incidencia,ID de la incidencia,Tipo de Incidencia,Estado,Clave del proyecto,Nombre del proyecto,Tipo de proyecto,Responsable del proyecto,ID del responsable del proyecto,Descripción del proyecto,Prioridad,Resolución,Persona asignada,ID de la persona asignada,Informador,ID del informador,Creador,ID del creador,Creada,Actualizada,Vista por Última Vez,Resuelta,Fecha de vencimiento,Votos,Descripción,Entorno,Interesados,Interesados,ID de los interesados,ID de los interesados,Estimación original,Trabajo restante estimado,Tiempo Trabajado,Relación de trabajo,Σ Estimación original,Σ Trabajo restante estimado,Σ Tiempo empleado,Nivel de Seguridad,Campo personalizado (Clasificación),Campo personalizado (Color de la incidencia),Campo personalizado (Fecha de inicio),Sprint,Campo personalizado (Story point estimate),Team Id,Team Name,Campo personalizado (Vulnerabilidad),Campo personalizado (development),Categoría de estado,Categoría de estado cambiada,Principal,Clave principal,Parent summary
S3-Buffer Técnico/ Imprevistos,HOTELICA-187,10243,Tarea,Por hacer,HOTELICA,Hotelica ,software,Cristhian David Urbina Cano,712020:13f77b23-199a-45b8-9731-69f475b9799d,,Medium,,Edwin Ally Mercado Padilla,712020:4583d46a-0544-4a96-aaeb-68afff92ba63,Cristhian David Urbina Cano,712020:13f77b23-199a-45b8-9731-69f475b9799d,Cristhian David Urbina Cano,712020:13f77b23-199a-45b8-9731-69f475b9799d,19/sep/26 8:56 PM,20/sep/26 9:42 PM,,,,0,Revisión y testeo de todas las historias de usuario aplicadas en el Sprint 2,,Cristhian David Urbina Cano,,712020:13f77b23-199a-45b8-9731-69f475b9799d,,,,,,,,,,0|i0010j:,,,Sprint 3: Reservas,,,,,{},Por hacer,19/sep/26 8:56 PM,,,
Persistir favoritos asociados a la cuenta del usuario.,HOTELICA-186,10242,Subtarea,Por hacer,HOTELICA,Hotelica ,software,Cristhian David Urbina Cano,712020:13f77b23-199a-45b8-9731-69f475b9799d,,Medium,,,,Edwin Ally Mercado Padilla,712020:4583d46a-0544-4a96-aaeb-68afff92ba63,Edwin Ally Mercado Padilla,712020:4583d46a-0544-4a96-aaeb-68afff92ba63,19/sep/26 2:09 PM,19/sep/26 2:09 PM,,,,0,,,Edwin Ally Mercado Padilla,,712020:4583d46a-0544-4a96-aaeb-68afff92ba63,,,,,,,,,,0|i0010h:,,,Sprint 3: Reservas,,,,,{},Por hacer,19/sep/26 2:09 PM,10208,HOTELICA-152,HU-020 · Gestionar hoteles favoritos
Crear página `/favoritos` con listado de hoteles favoritos.,HOTELICA-185,10241,Subtarea,Por hacer,HOTELICA,Hotelica ,software,Cristhian David Urbina Cano,712020:13f77b23-199a-45b8-9731-69f475b9799d,,Medium,,,,Edwin Ally Mercado Padilla,712020:4583d46a-0544-4a96-aaeb-68afff92ba63,Edwin Ally Mercado Padilla,712020:4583d46a-0544-4a96-aaeb-68afff92ba63,19/sep/26 2:09 PM,19/sep/26 2:09 PM,,,,0,,,Edwin Ally Mercado Padilla,,712020:4583d46a-0544-4a96-aaeb-68afff92ba63,,,,,,,,,,0|i00107:,,,Sprint 3: Reservas,,,,,{},Por hacer,19/sep/26 2:09 PM,10208,HOTELICA-152,HU-020 · Gestionar hoteles favoritos
Mostrar contador de favoritos en header.,HOTELICA-184,10240,Subtarea,Por hacer,HOTELICA,Hotelica ,software,Cristhian David Urbina Cano,712020:13f77b23-199a-45b8-9731-69f475b9799d,,Medium,,,,Edwin Ally Mercado Padilla,712020:4583d46a-0544-4a96-aaeb-68afff92ba63,Edwin Ally Mercado Padilla,712020:4583d46a-0544-4a96-aaeb-68afff92ba63,19/sep/26 2:09 PM,19/sep/26 2:09 PM,,,,0,,,Edwin Ally Mercado Padilla,,712020:4583d46a-0544-4a96-aaeb-68afff92ba63,,,,,,,,,,0|i00104:,,,Sprint 3: Reservas,,,,,{},Por hacer,19/sep/26 2:09 PM,10208,HOTELICA-152,HU-020 · Gestionar hoteles favoritos
Toggle favorito al hacer clic en el ícono.,HOTELICA-183,10239,Subtarea,Por hacer,HOTELICA,Hotelica ,software,Cristhian David Urbina Cano,712020:13f77b23-199a-45b8-9731-69f475b9799d,,Medium,,,,Edwin Ally Mercado Padilla,712020:4583d46a-0544-4a96-aaeb-68afff92ba63,Edwin Ally Mercado Padilla,712020:4583d46a-0544-4a96-aaeb-68afff92ba63,19/sep/26 2:08 PM,19/sep/26 2:08 PM,,,,0,,,Edwin Ally Mercado Padilla,,712020:4583d46a-0544-4a96-aaeb-68afff92ba63,,,,,,,,,,0|i000zt:,,,Sprint 3: Reservas,,,,,{},Por hacer,19/sep/26 2:08 PM,10208,HOTELICA-152,HU-020 · Gestionar hoteles favoritos
"Crear tabla `favoritos` en BD (id_usuario, id_hotel).",HOTELICA-182,10238,Subtarea,Por hacer,HOTELICA,Hotelica ,software,Cristhian David Urbina Cano,712020:13f77b23-199a-45b8-9731-69f475b9799d,,Medium,,,,Edwin Ally Mercado Padilla,712020:4583d46a-0544-4a96-aaeb-68afff92ba63,Edwin Ally Mercado Padilla,712020:4583d46a-0544-4a96-aaeb-68afff92ba63,19/sep/26 2:08 PM,19/sep/26 2:08 PM,,,,0,,,Edwin Ally Mercado Padilla,,712020:4583d46a-0544-4a96-aaeb-68afff92ba63,,,,,,,,,,0|i000zp:,,,Sprint 3: Reservas,,,,,{},Por hacer,19/sep/26 2:08 PM,10208,HOTELICA-152,HU-020 · Gestionar hoteles favoritos
Agregar ícono de corazón en `src/tarjeta.tsx` y `src/pages/HotelDetail.tsx`.,HOTELICA-181,10237,Subtarea,Por hacer,HOTELICA,Hotelica ,software,Cristhian David Urbina Cano,712020:13f77b23-199a-45b8-9731-69f475b9799d,,Medium,,,,Edwin Ally Mercado Padilla,712020:4583d46a-0544-4a96-aaeb-68afff92ba63,Edwin Ally Mercado Padilla,712020:4583d46a-0544-4a96-aaeb-68afff92ba63,19/sep/26 2:08 PM,19/sep/26 2:08 PM,,,,0,,,Edwin Ally Mercado Padilla,,712020:4583d46a-0544-4a96-aaeb-68afff92ba63,,,,,,,,,,0|i000zd:,,,Sprint 3: Reservas,,,,,{},Por hacer,19/sep/26 2:08 PM,10208,HOTELICA-152,HU-020 · Gestionar hoteles favoritos
Restringir una sola calificación por reserva.,HOTELICA-180,10236,Subtarea,Por hacer,HOTELICA,Hotelica ,software,Cristhian David Urbina Cano,712020:13f77b23-199a-45b8-9731-69f475b9799d,,Medium,,,,Edwin Ally Mercado Padilla,712020:4583d46a-0544-4a96-aaeb-68afff92ba63,Edwin Ally Mercado Padilla,712020:4583d46a-0544-4a96-aaeb-68afff92ba63,19/sep/26 2:07 PM,19/sep/26 2:07 PM,,,,0,,,Edwin Ally Mercado Padilla,,712020:4583d46a-0544-4a96-aaeb-68afff92ba63,,,,,,,,,,0|i000z8:,,,Sprint 3: Reservas,,,,,{},Por hacer,19/sep/26 2:07 PM,10207,HOTELICA-151,HU-019 · Calificar una estadía
Recalcular `calificacion_promedio` del hotel.,HOTELICA-179,10235,Subtarea,Por hacer,HOTELICA,Hotelica ,software,Cristhian David Urbina Cano,712020:13f77b23-199a-45b8-9731-69f475b9799d,,Medium,,,,Edwin Ally Mercado Padilla,712020:4583d46a-0544-4a96-aaeb-68afff92ba63,Edwin Ally Mercado Padilla,712020:4583d46a-0544-4a96-aaeb-68afff92ba63,19/sep/26 2:07 PM,19/sep/26 2:07 PM,,,,0,,,Edwin Ally Mercado Padilla,,712020:4583d46a-0544-4a96-aaeb-68afff92ba63,,,,,,,,,,0|i000yv:,,,Sprint 3: Reservas,,,,,{},Por hacer,19/sep/26 2:07 PM,10207,HOTELICA-151,HU-019 · Calificar una estadía
Registrar calificación en tabla `calificaciones`.,HOTELICA-178,10234,Subtarea,Por hacer,HOTELICA,Hotelica ,software,Cristhian David Urbina Cano,712020:13f77b23-199a-45b8-9731-69f475b9799d,,Medium,,,,Edwin Ally Mercado Padilla,712020:4583d46a-0544-4a96-aaeb-68afff92ba63,Edwin Ally Mercado Padilla,712020:4583d46a-0544-4a96-aaeb-68afff92ba63,19/sep/26 2:07 PM,19/sep/26 2:07 PM,,,,0,,,Edwin Ally Mercado Padilla,,712020:4583d46a-0544-4a96-aaeb-68afff92ba63,,,,,,,,,,0|i000yp:,,,Sprint 3: Reservas,,,,,{},Por hacer,19/sep/26 2:07 PM,10207,HOTELICA-151,HU-019 · Calificar una estadía
Validar que solo se pueda calificar tras check-out.,HOTELICA-177,10233,Subtarea,Por hacer,HOTELICA,Hotelica ,software,Cristhian David Urbina Cano,712020:13f77b23-199a-45b8-9731-69f475b9799d,,Medium,,,,Edwin Ally Mercado Padilla,712020:4583d46a-0544-4a96-aaeb-68afff92ba63,Edwin Ally Mercado Padilla,712020:4583d46a-0544-4a96-aaeb-68afff92ba63,19/sep/26 2:07 PM,19/sep/26 2:07 PM,,,,0,,,Edwin Ally Mercado Padilla,,712020:4583d46a-0544-4a96-aaeb-68afff92ba63,,,,,,,,,,0|i000yb:,,,Sprint 3: Reservas,,,,,{},Por hacer,19/sep/26 2:07 PM,10207,HOTELICA-151,HU-019 · Calificar una estadía
Formulario con estrellas (1-5) y comentario opcional.,HOTELICA-176,10232,Subtarea,Por hacer,HOTELICA,Hotelica ,software,Cristhian David Urbina Cano,712020:13f77b23-199a-45b8-9731-69f475b9799d,,Medium,,,,Edwin Ally Mercado Padilla,712020:4583d46a-0544-4a96-aaeb-68afff92ba63,Edwin Ally Mercado Padilla,712020:4583d46a-0544-4a96-aaeb-68afff92ba63,19/sep/26 2:07 PM,19/sep/26 2:07 PM,,,,0,,,Edwin Ally Mercado Padilla,,712020:4583d46a-0544-4a96-aaeb-68afff92ba63,,,,,,,,,,0|i000y4:,,,Sprint 3: Reservas,,,,,{},Por hacer,19/sep/26 2:07 PM,10207,HOTELICA-151,HU-019 · Calificar una estadía
"Agregar opción ""Calificar"" en `src/pages/MyReservations.tsx` (solo para reservas ""Completada"").",HOTELICA-175,10231,Subtarea,Por hacer,HOTELICA,Hotelica ,software,Cristhian David Urbina Cano,712020:13f77b23-199a-45b8-9731-69f475b9799d,,Medium,,,,Edwin Ally Mercado Padilla,712020:4583d46a-0544-4a96-aaeb-68afff92ba63,Edwin Ally Mercado Padilla,712020:4583d46a-0544-4a96-aaeb-68afff92ba63,19/sep/26 2:06 PM,19/sep/26 2:06 PM,,,,0,,,Edwin Ally Mercado Padilla,,712020:4583d46a-0544-4a96-aaeb-68afff92ba63,,,,,,,,,,0|i000xp:,,,Sprint 3: Reservas,,,,,{},Por hacer,19/sep/26 2:06 PM,10207,HOTELICA-151,HU-019 · Calificar una estadía
Generar comprobante descargable o enviado por correo.,HOTELICA-174,10230,Subtarea,Por hacer,HOTELICA,Hotelica ,software,Cristhian David Urbina Cano,712020:13f77b23-199a-45b8-9731-69f475b9799d,,Medium,,,,Edwin Ally Mercado Padilla,712020:4583d46a-0544-4a96-aaeb-68afff92ba63,Edwin Ally Mercado Padilla,712020:4583d46a-0544-4a96-aaeb-68afff92ba63,19/sep/26 2:05 PM,19/sep/26 2:05 PM,,,,0,,,Edwin Ally Mercado Padilla,,712020:4583d46a-0544-4a96-aaeb-68afff92ba63,,,,,,,,,,0|i000xh:,,,Sprint 3: Reservas,,,,,{},Por hacer,19/sep/26 2:05 PM,10206,HOTELICA-150,HU-018 · Registrar o realizar un pago
"Actualizar estado de reserva a ""Confirmada"" tras pago exitoso.",HOTELICA-173,10229,Subtarea,Por hacer,HOTELICA,Hotelica ,software,Cristhian David Urbina Cano,712020:13f77b23-199a-45b8-9731-69f475b9799d,,Medium,,,,Edwin Ally Mercado Padilla,712020:4583d46a-0544-4a96-aaeb-68afff92ba63,Edwin Ally Mercado Padilla,712020:4583d46a-0544-4a96-aaeb-68afff92ba63,19/sep/26 2:04 PM,19/sep/26 2:04 PM,,,,0,,,Edwin Ally Mercado Padilla,,712020:4583d46a-0544-4a96-aaeb-68afff92ba63,,,,,,,,,,0|i000xg:,,,Sprint 3: Reservas,,,,,{},Por hacer,19/sep/26 2:04 PM,10206,HOTELICA-150,HU-018 · Registrar o realizar un pago
Registrar pago en tabla `pagos` asociado a la reserva.,HOTELICA-172,10228,Subtarea,Por hacer,HOTELICA,Hotelica ,software,Cristhian David Urbina Cano,712020:13f77b23-199a-45b8-9731-69f475b9799d,,Medium,,,,Edwin Ally Mercado Padilla,712020:4583d46a-0544-4a96-aaeb-68afff92ba63,Edwin Ally Mercado Padilla,712020:4583d46a-0544-4a96-aaeb-68afff92ba63,19/sep/26 2:04 PM,19/sep/26 2:04 PM,,,,0,,,Edwin Ally Mercado Padilla,,712020:4583d46a-0544-4a96-aaeb-68afff92ba63,,,,,,,,,,0|i000x7:,,,Sprint 3: Reservas,,,,,{},Por hacer,19/sep/26 2:04 PM,10206,HOTELICA-150,HU-018 · Registrar o realizar un pago
Validar datos de pago antes de procesar.,HOTELICA-171,10227,Subtarea,Por hacer,HOTELICA,Hotelica ,software,Cristhian David Urbina Cano,712020:13f77b23-199a-45b8-9731-69f475b9799d,,Medium,,,,Edwin Ally Mercado Padilla,712020:4583d46a-0544-4a96-aaeb-68afff92ba63,Edwin Ally Mercado Padilla,712020:4583d46a-0544-4a96-aaeb-68afff92ba63,19/sep/26 2:04 PM,19/sep/26 2:04 PM,,,,0,,,Edwin Ally Mercado Padilla,,712020:4583d46a-0544-4a96-aaeb-68afff92ba63,,,,,,,,,,0|i000x5:,,,Sprint 3: Reservas,,,,,{},Por hacer,19/sep/26 2:04 PM,10206,HOTELICA-150,HU-018 · Registrar o realizar un pago
"Permitir selección de método (tarjeta, transferencia).",HOTELICA-170,10226,Subtarea,Por hacer,HOTELICA,Hotelica ,software,Cristhian David Urbina Cano,712020:13f77b23-199a-45b8-9731-69f475b9799d,,Medium,,,,Edwin Ally Mercado Padilla,712020:4583d46a-0544-4a96-aaeb-68afff92ba63,Edwin Ally Mercado Padilla,712020:4583d46a-0544-4a96-aaeb-68afff92ba63,19/sep/26 2:04 PM,19/sep/26 2:04 PM,,,,0,,,Edwin Ally Mercado Padilla,,712020:4583d46a-0544-4a96-aaeb-68afff92ba63,,,,,,,,,,0|i000wv:,,,Sprint 3: Reservas,,,,,{},Por hacer,19/sep/26 2:04 PM,10206,HOTELICA-150,HU-018 · Registrar o realizar un pago
Crear formulario de pago en `src/pages/BookingModal.tsx` (paso 3).,HOTELICA-169,10225,Subtarea,Por hacer,HOTELICA,Hotelica ,software,Cristhian David Urbina Cano,712020:13f77b23-199a-45b8-9731-69f475b9799d,,Medium,,,,Edwin Ally Mercado Padilla,712020:4583d46a-0544-4a96-aaeb-68afff92ba63,Edwin Ally Mercado Padilla,712020:4583d46a-0544-4a96-aaeb-68afff92ba63,19/sep/26 2:03 PM,19/sep/26 2:04 PM,,,,0,,,Edwin Ally Mercado Padilla,,712020:4583d46a-0544-4a96-aaeb-68afff92ba63,,,,,,,,,,0|i000ws:,,,Sprint 3: Reservas,,,,,{},Por hacer,19/sep/26 2:04 PM,10206,HOTELICA-150,HU-018 · Registrar o realizar un pago
Manejar caso de reserva inexistente.,HOTELICA-168,10224,Subtarea,Por hacer,HOTELICA,Hotelica ,software,Cristhian David Urbina Cano,712020:13f77b23-199a-45b8-9731-69f475b9799d,,Medium,,,,Edwin Ally Mercado Padilla,712020:4583d46a-0544-4a96-aaeb-68afff92ba63,Edwin Ally Mercado Padilla,712020:4583d46a-0544-4a96-aaeb-68afff92ba63,19/sep/26 2:02 PM,19/sep/26 2:02 PM,,,,0,,,Edwin Ally Mercado Padilla,,712020:4583d46a-0544-4a96-aaeb-68afff92ba63,,,,,,,,,,0|i000wh:,,,Sprint 3: Reservas,,,,,{},Por hacer,19/sep/26 2:02 PM,10205,HOTELICA-149,HU-017 · Consultar el estado de la reserva
Notificación cuando el estado cambia.,HOTELICA-167,10223,Subtarea,Por hacer,HOTELICA,Hotelica ,software,Cristhian David Urbina Cano,712020:13f77b23-199a-45b8-9731-69f475b9799d,,Medium,,,,Edwin Ally Mercado Padilla,712020:4583d46a-0544-4a96-aaeb-68afff92ba63,Edwin Ally Mercado Padilla,712020:4583d46a-0544-4a96-aaeb-68afff92ba63,19/sep/26 2:02 PM,19/sep/26 2:02 PM,,,,0,,,Edwin Ally Mercado Padilla,,712020:4583d46a-0544-4a96-aaeb-68afff92ba63,,,,,,,,,,0|i000wd:,,,Sprint 3: Reservas,,,,,{},Por hacer,19/sep/26 2:02 PM,10205,HOTELICA-149,HU-017 · Consultar el estado de la reserva
Línea de tiempo visual del estado de la reserva.,HOTELICA-166,10222,Subtarea,Por hacer,HOTELICA,Hotelica ,software,Cristhian David Urbina Cano,712020:13f77b23-199a-45b8-9731-69f475b9799d,,Medium,,,,Edwin Ally Mercado Padilla,712020:4583d46a-0544-4a96-aaeb-68afff92ba63,Edwin Ally Mercado Padilla,712020:4583d46a-0544-4a96-aaeb-68afff92ba63,19/sep/26 2:02 PM,19/sep/26 2:02 PM,,,,0,,,Edwin Ally Mercado Padilla,,712020:4583d46a-0544-4a96-aaeb-68afff92ba63,,,,,,,,,,0|i000w1:,,,Sprint 3: Reservas,,,,,{},Por hacer,19/sep/26 2:02 PM,10205,HOTELICA-149,HU-017 · Consultar el estado de la reserva
"Mostrar estado actual (Pendiente, Confirmada, Check-in, Completada, Cancelada).",HOTELICA-165,10221,Subtarea,Por hacer,HOTELICA,Hotelica ,software,Cristhian David Urbina Cano,712020:13f77b23-199a-45b8-9731-69f475b9799d,,Medium,,,,Edwin Ally Mercado Padilla,712020:4583d46a-0544-4a96-aaeb-68afff92ba63,Edwin Ally Mercado Padilla,712020:4583d46a-0544-4a96-aaeb-68afff92ba63,19/sep/26 2:02 PM,19/sep/26 2:02 PM,,,,0,,,Edwin Ally Mercado Padilla,,712020:4583d46a-0544-4a96-aaeb-68afff92ba63,,,,,,,,,,0|i000vw:,,,Sprint 3: Reservas,,,,,{},Por hacer,19/sep/26 2:02 PM,10205,HOTELICA-149,HU-017 · Consultar el estado de la reserva
Agregar vista de detalle en `src/pages/MyReservations.tsx`.,HOTELICA-164,10220,Subtarea,Por hacer,HOTELICA,Hotelica ,software,Cristhian David Urbina Cano,712020:13f77b23-199a-45b8-9731-69f475b9799d,,Medium,,,,Edwin Ally Mercado Padilla,712020:4583d46a-0544-4a96-aaeb-68afff92ba63,Edwin Ally Mercado Padilla,712020:4583d46a-0544-4a96-aaeb-68afff92ba63,19/sep/26 2:01 PM,19/sep/26 2:01 PM,,,,0,,,Edwin Ally Mercado Padilla,,712020:4583d46a-0544-4a96-aaeb-68afff92ba63,,,,,,,,,,0|i000vj:,,,Sprint 3: Reservas,,,,,{},Por hacer,19/sep/26 2:01 PM,10205,HOTELICA-149,HU-017 · Consultar el estado de la reserva
Notificar al hotel sobre la cancelación.,HOTELICA-163,10219,Subtarea,Por hacer,HOTELICA,Hotelica ,software,Cristhian David Urbina Cano,712020:13f77b23-199a-45b8-9731-69f475b9799d,,Medium,,,,Edwin Ally Mercado Padilla,712020:4583d46a-0544-4a96-aaeb-68afff92ba63,Edwin Ally Mercado Padilla,712020:4583d46a-0544-4a96-aaeb-68afff92ba63,19/sep/26 2:00 PM,19/sep/26 2:00 PM,,,,0,,,Edwin Ally Mercado Padilla,,712020:4583d46a-0544-4a96-aaeb-68afff92ba63,,,,,,,,,,0|i000vd:,,,Sprint 3: Reservas,,,,,{},Por hacer,19/sep/26 2:00 PM,10204,HOTELICA-148,HU-016 · Cancelar una reserva
Liberar disponibilidad de la habitación.,HOTELICA-162,10218,Subtarea,Por hacer,HOTELICA,Hotelica ,software,Cristhian David Urbina Cano,712020:13f77b23-199a-45b8-9731-69f475b9799d,,Medium,,,,Edwin Ally Mercado Padilla,712020:4583d46a-0544-4a96-aaeb-68afff92ba63,Edwin Ally Mercado Padilla,712020:4583d46a-0544-4a96-aaeb-68afff92ba63,19/sep/26 2:00 PM,19/sep/26 2:00 PM,,,,0,,,Edwin Ally Mercado Padilla,,712020:4583d46a-0544-4a96-aaeb-68afff92ba63,,,,,,,,,,0|i000uz:,,,Sprint 3: Reservas,,,,,{},Por hacer,19/sep/26 2:00 PM,10204,HOTELICA-148,HU-016 · Cancelar una reserva
"Actualizar estado a ""Cancelada"" en BD.",HOTELICA-161,10217,Subtarea,Por hacer,HOTELICA,Hotelica ,software,Cristhian David Urbina Cano,712020:13f77b23-199a-45b8-9731-69f475b9799d,,Medium,,,,Edwin Ally Mercado Padilla,712020:4583d46a-0544-4a96-aaeb-68afff92ba63,Edwin Ally Mercado Padilla,712020:4583d46a-0544-4a96-aaeb-68afff92ba63,19/sep/26 1:59 PM,19/sep/26 1:59 PM,,,,0,,,Edwin Ally Mercado Padilla,,712020:4583d46a-0544-4a96-aaeb-68afff92ba63,,,,,,,,,,0|i000us:,,,Sprint 3: Reservas,,,,,{},Por hacer,19/sep/26 1:59 PM,10204,HOTELICA-148,HU-016 · Cancelar una reserva
Mostrar modal de confirmación con política de cancelación.,HOTELICA-160,10216,Subtarea,Por hacer,HOTELICA,Hotelica ,software,Cristhian David Urbina Cano,712020:13f77b23-199a-45b8-9731-69f475b9799d,,Medium,,,,Edwin Ally Mercado Padilla,712020:4583d46a-0544-4a96-aaeb-68afff92ba63,Edwin Ally Mercado Padilla,712020:4583d46a-0544-4a96-aaeb-68afff92ba63,19/sep/26 1:59 PM,19/sep/26 1:59 PM,,,,0,,,Edwin Ally Mercado Padilla,,712020:4583d46a-0544-4a96-aaeb-68afff92ba63,,,,,,,,,,0|i000ud:,,,Sprint 3: Reservas,,,,,{},Por hacer,19/sep/26 1:59 PM,10204,HOTELICA-148,HU-016 · Cancelar una reserva
"Validar que solo se puedan cancelar reservas ""Pendiente"" o ""Confirmada"".",HOTELICA-159,10215,Subtarea,Por hacer,HOTELICA,Hotelica ,software,Cristhian David Urbina Cano,712020:13f77b23-199a-45b8-9731-69f475b9799d,,Medium,,,,Edwin Ally Mercado Padilla,712020:4583d46a-0544-4a96-aaeb-68afff92ba63,Edwin Ally Mercado Padilla,712020:4583d46a-0544-4a96-aaeb-68afff92ba63,19/sep/26 1:59 PM,19/sep/26 1:59 PM,,,,0,,,Edwin Ally Mercado Padilla,,712020:4583d46a-0544-4a96-aaeb-68afff92ba63,,,,,,,,,,0|i000u5:,,,Sprint 3: Reservas,,,,,{},Por hacer,19/sep/26 1:59 PM,10204,HOTELICA-148,HU-016 · Cancelar una reserva
"Agregar botón ""Cancelar"" en `src/pages/MyReservations.tsx`.",HOTELICA-158,10214,Subtarea,Por hacer,HOTELICA,Hotelica ,software,Cristhian David Urbina Cano,712020:13f77b23-199a-45b8-9731-69f475b9799d,,Medium,,,,Edwin Ally Mercado Padilla,712020:4583d46a-0544-4a96-aaeb-68afff92ba63,Edwin Ally Mercado Padilla,712020:4583d46a-0544-4a96-aaeb-68afff92ba63,19/sep/26 1:59 PM,19/sep/26 1:59 PM,,,,0,,,Edwin Ally Mercado Padilla,,712020:4583d46a-0544-4a96-aaeb-68afff92ba63,,,,,,,,,,0|i000u4:,,,Sprint 3: Reservas,,,,,{},Por hacer,19/sep/26 1:59 PM,10204,HOTELICA-148,HU-016 · Cancelar una reserva
"Manejar caso ""sin reservas"" con mensaje claro.",HOTELICA-157,10213,Subtarea,Por hacer,HOTELICA,Hotelica ,software,Cristhian David Urbina Cano,712020:13f77b23-199a-45b8-9731-69f475b9799d,,Medium,,,,Edwin Ally Mercado Padilla,712020:4583d46a-0544-4a96-aaeb-68afff92ba63,Edwin Ally Mercado Padilla,712020:4583d46a-0544-4a96-aaeb-68afff92ba63,19/sep/26 1:57 PM,19/sep/26 1:57 PM,,,,0,,,Edwin Ally Mercado Padilla,,712020:4583d46a-0544-4a96-aaeb-68afff92ba63,,,,,,,,,,0|i000tv:,,,Sprint 3: Reservas,,,,,{},Por hacer,19/sep/26 1:57 PM,10203,HOTELICA-147,HU-015 · Consultar historial de reservas
Mostrar indicador visual por estado (colores/etiquetas).,HOTELICA-156,10212,Subtarea,Por hacer,HOTELICA,Hotelica ,software,Cristhian David Urbina Cano,712020:13f77b23-199a-45b8-9731-69f475b9799d,,Medium,,,,Edwin Ally Mercado Padilla,712020:4583d46a-0544-4a96-aaeb-68afff92ba63,Edwin Ally Mercado Padilla,712020:4583d46a-0544-4a96-aaeb-68afff92ba63,19/sep/26 1:57 PM,19/sep/26 1:57 PM,,,,0,,,Edwin Ally Mercado Padilla,,712020:4583d46a-0544-4a96-aaeb-68afff92ba63,,,,,,,,,,0|i000tt:,,,Sprint 3: Reservas,,,,,{},Por hacer,19/sep/26 1:57 PM,10203,HOTELICA-147,HU-015 · Consultar historial de reservas
Ordenar por fecha (más recientes primero).,HOTELICA-155,10211,Subtarea,Por hacer,HOTELICA,Hotelica ,software,Cristhian David Urbina Cano,712020:13f77b23-199a-45b8-9731-69f475b9799d,,Medium,,,,Edwin Ally Mercado Padilla,712020:4583d46a-0544-4a96-aaeb-68afff92ba63,Edwin Ally Mercado Padilla,712020:4583d46a-0544-4a96-aaeb-68afff92ba63,19/sep/26 1:57 PM,19/sep/26 1:57 PM,,,,0,,,Edwin Ally Mercado Padilla,,712020:4583d46a-0544-4a96-aaeb-68afff92ba63,,,,,,,,,,0|i000tj:,,,Sprint 3: Reservas,,,,,{},Por hacer,19/sep/26 1:57 PM,10203,HOTELICA-147,HU-015 · Consultar historial de reservas
"Listar todas las reservas del usuario con hotel, fechas, estado, monto.",HOTELICA-154,10210,Subtarea,Por hacer,HOTELICA,Hotelica ,software,Cristhian David Urbina Cano,712020:13f77b23-199a-45b8-9731-69f475b9799d,,Medium,,,,Edwin Ally Mercado Padilla,712020:4583d46a-0544-4a96-aaeb-68afff92ba63,Edwin Ally Mercado Padilla,712020:4583d46a-0544-4a96-aaeb-68afff92ba63,19/sep/26 1:57 PM,19/sep/26 1:57 PM,,,,0,,,Edwin Ally Mercado Padilla,,712020:4583d46a-0544-4a96-aaeb-68afff92ba63,,,,,,,,,,0|i000tg:,,,Sprint 3: Reservas,,,,,{},Por hacer,19/sep/26 1:57 PM,10203,HOTELICA-147,HU-015 · Consultar historial de reservas
Crear componente `src/pages/MyReservations.tsx` con ruta `/mis-reservas`.,HOTELICA-153,10209,Subtarea,Por hacer,HOTELICA,Hotelica ,software,Cristhian David Urbina Cano,712020:13f77b23-199a-45b8-9731-69f475b9799d,,Medium,,,,Edwin Ally Mercado Padilla,712020:4583d46a-0544-4a96-aaeb-68afff92ba63,Edwin Ally Mercado Padilla,712020:4583d46a-0544-4a96-aaeb-68afff92ba63,19/sep/26 12:58 PM,19/sep/26 12:58 PM,,,,0,,,Edwin Ally Mercado Padilla,,712020:4583d46a-0544-4a96-aaeb-68afff92ba63,,,,,,,,,,0|i000t5:,,,Sprint 3: Reservas,,,,,{},Por hacer,19/sep/26 12:58 PM,10203,HOTELICA-147,HU-015 · Consultar historial de reservas
HU-020 · Gestionar hoteles favoritos,HOTELICA-152,10208,Historia,Por hacer,HOTELICA,Hotelica ,software,Cristhian David Urbina Cano,712020:13f77b23-199a-45b8-9731-69f475b9799d,,Medium,,Tatiana,712020:82f33902-b415-48ab-af4f-ec7c296e06df,Edwin Ally Mercado Padilla,712020:4583d46a-0544-4a96-aaeb-68afff92ba63,Edwin Ally Mercado Padilla,712020:4583d46a-0544-4a96-aaeb-68afff92ba63,19/sep/26 12:55 PM,20/sep/26 9:42 PM,19/sep/26 2:07 PM,,,0,COMO turista QUIERO marcar hoteles como favoritos PARA encontrarlos fácilmente en futuras búsquedas.,,Edwin Ally Mercado Padilla,,712020:4583d46a-0544-4a96-aaeb-68afff92ba63,,,,,,,,,,0|i000t1:,,,Sprint 3: Reservas,,,,,{},Por hacer,19/sep/26 12:55 PM,,,
HU-019 · Calificar una estadía,HOTELICA-151,10207,Historia,Por hacer,HOTELICA,Hotelica ,software,Cristhian David Urbina Cano,712020:13f77b23-199a-45b8-9731-69f475b9799d,,Medium,,Edwin Ally Mercado Padilla,712020:4583d46a-0544-4a96-aaeb-68afff92ba63,Edwin Ally Mercado Padilla,712020:4583d46a-0544-4a96-aaeb-68afff92ba63,Edwin Ally Mercado Padilla,712020:4583d46a-0544-4a96-aaeb-68afff92ba63,19/sep/26 12:54 PM,20/sep/26 9:42 PM,19/sep/26 2:05 PM,,,0,COMO turista QUIERO calificar mi estadía después de completar el check-out PARA compartir mi experiencia y ayudar a otros turistas a decidir.,,Edwin Ally Mercado Padilla,,712020:4583d46a-0544-4a96-aaeb-68afff92ba63,,,,,,,,,,0|i000sp:,,,Sprint 3: Reservas,,,,,{},Por hacer,19/sep/26 12:54 PM,,,
HU-018 · Registrar o realizar un pago,HOTELICA-150,10206,Historia,En curso,HOTELICA,Hotelica ,software,Cristhian David Urbina Cano,712020:13f77b23-199a-45b8-9731-69f475b9799d,,Medium,,Cristhian David Urbina Cano,712020:13f77b23-199a-45b8-9731-69f475b9799d,Edwin Ally Mercado Padilla,712020:4583d46a-0544-4a96-aaeb-68afff92ba63,Edwin Ally Mercado Padilla,712020:4583d46a-0544-4a96-aaeb-68afff92ba63,19/sep/26 12:54 PM,26/sep/26 11:46 PM,19/sep/26 2:03 PM,,,0,COMO turista QUIERO registrar o realizar el pago de mi reserva PARA confirmar mi estadía en el hotel seleccionado.,,Edwin Ally Mercado Padilla,,712020:4583d46a-0544-4a96-aaeb-68afff92ba63,,,,,,,,,,0|i000sk:,,,Sprint 3: Reservas,,,,,{},En curso,26/sep/26 11:46 PM,,,
HU-017 · Consultar el estado de la reserva,HOTELICA-149,10205,Historia,En curso,HOTELICA,Hotelica ,software,Cristhian David Urbina Cano,712020:13f77b23-199a-45b8-9731-69f475b9799d,,Medium,,Tatiana,712020:82f33902-b415-48ab-af4f-ec7c296e06df,Edwin Ally Mercado Padilla,712020:4583d46a-0544-4a96-aaeb-68afff92ba63,Edwin Ally Mercado Padilla,712020:4583d46a-0544-4a96-aaeb-68afff92ba63,19/sep/26 12:54 PM,26/sep/26 11:46 PM,19/sep/26 2:00 PM,,,0,"COMO turista QUIERO consultar el estado actual de mi reserva PARA saber si está confirmada, pendiente o cancelada.

 ",,Edwin Ally Mercado Padilla,,712020:4583d46a-0544-4a96-aaeb-68afff92ba63,,,,,,,,,,0|i000s7:,,,Sprint 3: Reservas,,,,,{},En curso,26/sep/26 11:46 PM,,,
HU-016 · Cancelar una reserva,HOTELICA-148,10204,Historia,En curso,HOTELICA,Hotelica ,software,Cristhian David Urbina Cano,712020:13f77b23-199a-45b8-9731-69f475b9799d,,Medium,,Cristhian David Urbina Cano,712020:13f77b23-199a-45b8-9731-69f475b9799d,Edwin Ally Mercado Padilla,712020:4583d46a-0544-4a96-aaeb-68afff92ba63,Edwin Ally Mercado Padilla,712020:4583d46a-0544-4a96-aaeb-68afff92ba63,19/sep/26 12:54 PM,26/sep/26 11:46 PM,19/sep/26 1:58 PM,,,0,COMO turista QUIERO cancelar una reserva que ya no necesito PARA evitar cargos innecesarios y liberar la habitación reservada.,,Edwin Ally Mercado Padilla,,712020:4583d46a-0544-4a96-aaeb-68afff92ba63,,,,,,,,,,0|i000s1:,,,Sprint 3: Reservas,,,,,{},En curso,26/sep/26 11:46 PM,,,
HU-015 · Consultar historial de reservas,HOTELICA-147,10203,Historia,En revisión,HOTELICA,Hotelica ,software,Cristhian David Urbina Cano,712020:13f77b23-199a-45b8-9731-69f475b9799d,,Medium,,Cristhian David Urbina Cano,712020:13f77b23-199a-45b8-9731-69f475b9799d,Edwin Ally Mercado Padilla,712020:4583d46a-0544-4a96-aaeb-68afff92ba63,Edwin Ally Mercado Padilla,712020:4583d46a-0544-4a96-aaeb-68afff92ba63,19/sep/26 12:53 PM,26/sep/26 11:46 PM,19/sep/26 1:56 PM,,,0,COMO turista QUIERO consultar el historial de mis reservas realizadas PARA dar seguimiento a mis viajes pasados y futuros.,,Edwin Ally Mercado Padilla,,712020:4583d46a-0544-4a96-aaeb-68afff92ba63,,,,,,,,,,0|i000rn:,,,Sprint 3: Reservas,,,,,{},En curso,26/sep/26 11:46 PM,,,
Formatear moneda en córdobas (C$) con dos decimales.,HOTELICA-146,10202,Subtarea,Por hacer,HOTELICA,Hotelica ,software,Cristhian David Urbina Cano,712020:13f77b23-199a-45b8-9731-69f475b9799d,,Medium,,,,Edwin Ally Mercado Padilla,712020:4583d46a-0544-4a96-aaeb-68afff92ba63,Edwin Ally Mercado Padilla,712020:4583d46a-0544-4a96-aaeb-68afff92ba63,19/sep/26 12:52 PM,19/sep/26 12:52 PM,,,,0,,,Edwin Ally Mercado Padilla,,712020:4583d46a-0544-4a96-aaeb-68afff92ba63,,,,,,,,,,0|i000rg:,,,Sprint 3: Reservas,,,,,{},Por hacer,19/sep/26 12:52 PM,10195,HOTELICA-139,"HU-014 · Calcular subtotal, IVA y total"
Mostrar desglose visible antes de confirmar pago.,HOTELICA-145,10201,Subtarea,Por hacer,HOTELICA,Hotelica ,software,Cristhian David Urbina Cano,712020:13f77b23-199a-45b8-9731-69f475b9799d,,Medium,,,,Edwin Ally Mercado Padilla,712020:4583d46a-0544-4a96-aaeb-68afff92ba63,Edwin Ally Mercado Padilla,712020:4583d46a-0544-4a96-aaeb-68afff92ba63,19/sep/26 12:52 PM,19/sep/26 12:52 PM,,,,0,,,Edwin Ally Mercado Padilla,,712020:4583d46a-0544-4a96-aaeb-68afff92ba63,,,,,,,,,,0|i000r1:,,,Sprint 3: Reservas,,,,,{},Por hacer,19/sep/26 12:52 PM,10195,HOTELICA-139,"HU-014 · Calcular subtotal, IVA y total"
Calcular total = subtotal + IVA.,HOTELICA-144,10200,Subtarea,Por hacer,HOTELICA,Hotelica ,software,Cristhian David Urbina Cano,712020:13f77b23-199a-45b8-9731-69f475b9799d,,Medium,,,,Edwin Ally Mercado Padilla,712020:4583d46a-0544-4a96-aaeb-68afff92ba63,Edwin Ally Mercado Padilla,712020:4583d46a-0544-4a96-aaeb-68afff92ba63,19/sep/26 12:52 PM,19/sep/26 12:52 PM,,,,0,,,Edwin Ally Mercado Padilla,,712020:4583d46a-0544-4a96-aaeb-68afff92ba63,,,,,,,,,,0|i000qt:,,,Sprint 3: Reservas,,,,,{},Por hacer,19/sep/26 12:52 PM,10195,HOTELICA-139,"HU-014 · Calcular subtotal, IVA y total"
Calcular IVA = subtotal × 0.15.,HOTELICA-143,10199,Subtarea,Por hacer,HOTELICA,Hotelica ,software,Cristhian David Urbina Cano,712020:13f77b23-199a-45b8-9731-69f475b9799d,,Medium,,,,Edwin Ally Mercado Padilla,712020:4583d46a-0544-4a96-aaeb-68afff92ba63,Edwin Ally Mercado Padilla,712020:4583d46a-0544-4a96-aaeb-68afff92ba63,19/sep/26 12:52 PM,19/sep/26 12:52 PM,,,,0,,,Edwin Ally Mercado Padilla,,712020:4583d46a-0544-4a96-aaeb-68afff92ba63,,,,,,,,,,0|i000qs:,,,Sprint 3: Reservas,,,,,{},Por hacer,19/sep/26 12:52 PM,10195,HOTELICA-139,"HU-014 · Calcular subtotal, IVA y total"
Calcular subtotal = precio × noches.,HOTELICA-142,10198,Subtarea,Por hacer,HOTELICA,Hotelica ,software,Cristhian David Urbina Cano,712020:13f77b23-199a-45b8-9731-69f475b9799d,,Medium,,,,Edwin Ally Mercado Padilla,712020:4583d46a-0544-4a96-aaeb-68afff92ba63,Edwin Ally Mercado Padilla,712020:4583d46a-0544-4a96-aaeb-68afff92ba63,19/sep/26 12:51 PM,19/sep/26 12:51 PM,,,,0,,,Edwin Ally Mercado Padilla,,712020:4583d46a-0544-4a96-aaeb-68afff92ba63,,,,,,,,,,0|i000qj:,,,Sprint 3: Reservas,,,,,{},Por hacer,19/sep/26 12:51 PM,10195,HOTELICA-139,"HU-014 · Calcular subtotal, IVA y total"
Calcular noches = salida − llegada.,HOTELICA-141,10197,Subtarea,Por hacer,HOTELICA,Hotelica ,software,Cristhian David Urbina Cano,712020:13f77b23-199a-45b8-9731-69f475b9799d,,Medium,,,,Edwin Ally Mercado Padilla,712020:4583d46a-0544-4a96-aaeb-68afff92ba63,Edwin Ally Mercado Padilla,712020:4583d46a-0544-4a96-aaeb-68afff92ba63,19/sep/26 12:51 PM,19/sep/26 12:51 PM,,,,0,,,Edwin Ally Mercado Padilla,,712020:4583d46a-0544-4a96-aaeb-68afff92ba63,,,,,,,,,,0|i000qh:,,,Sprint 3: Reservas,,,,,{},Por hacer,19/sep/26 12:51 PM,10195,HOTELICA-139,"HU-014 · Calcular subtotal, IVA y total"
Implementar lógica de cálculo en `src/pages/BookingModal.tsx`.,HOTELICA-140,10196,Subtarea,Por hacer,HOTELICA,Hotelica ,software,Cristhian David Urbina Cano,712020:13f77b23-199a-45b8-9731-69f475b9799d,,Medium,,,,Edwin Ally Mercado Padilla,712020:4583d46a-0544-4a96-aaeb-68afff92ba63,Edwin Ally Mercado Padilla,712020:4583d46a-0544-4a96-aaeb-68afff92ba63,19/sep/26 12:51 PM,19/sep/26 12:51 PM,,,,0,,,Edwin Ally Mercado Padilla,,712020:4583d46a-0544-4a96-aaeb-68afff92ba63,,,,,,,,,,0|i000q7:,,,Sprint 3: Reservas,,,,,{},Por hacer,19/sep/26 12:51 PM,10195,HOTELICA-139,"HU-014 · Calcular subtotal, IVA y total"
"HU-014 · Calcular subtotal, IVA y total",HOTELICA-139,10195,Historia,Listo,HOTELICA,Hotelica ,software,Cristhian David Urbina Cano,712020:13f77b23-199a-45b8-9731-69f475b9799d,,Medium,Listo,Cristhian David Urbina Cano,712020:13f77b23-199a-45b8-9731-69f475b9799d,Edwin Ally Mercado Padilla,712020:4583d46a-0544-4a96-aaeb-68afff92ba63,Edwin Ally Mercado Padilla,712020:4583d46a-0544-4a96-aaeb-68afff92ba63,19/sep/26 12:50 PM,25/sep/26 9:35 PM,19/sep/26 12:56 PM,25/sep/26 9:35 PM,,0,"COMO turista QUIERO ver el subtotal, el IVA y el total de mi reserva antes de confirmar PARA conocer el monto exacto que debo pagar.",,Edwin Ally Mercado Padilla,,712020:4583d46a-0544-4a96-aaeb-68afff92ba63,,,,,,,,,,0|i000q4:,,,Sprint 3: Reservas,,,,,{},Listo,25/sep/26 9:35 PM,,,
"Registrar reserva en BD con estado ""Pendiente"" y folio HC-XXXX.",HOTELICA-138,10194,Subtarea,Por hacer,HOTELICA,Hotelica ,software,Cristhian David Urbina Cano,712020:13f77b23-199a-45b8-9731-69f475b9799d,,Medium,,,,Edwin Ally Mercado Padilla,712020:4583d46a-0544-4a96-aaeb-68afff92ba63,Edwin Ally Mercado Padilla,712020:4583d46a-0544-4a96-aaeb-68afff92ba63,19/sep/26 12:49 PM,19/sep/26 12:49 PM,,,,0,,,Edwin Ally Mercado Padilla,,712020:4583d46a-0544-4a96-aaeb-68afff92ba63,,,,,,,,,,0|i000pt:,,,Sprint 3: Reservas,,,,,{},Por hacer,19/sep/26 12:49 PM,10191,HOTELICA-135,HU-013 · Crear una reserva
Validar disponibilidad en tiempo real antes de confirmar.,HOTELICA-137,10193,Subtarea,Por hacer,HOTELICA,Hotelica ,software,Cristhian David Urbina Cano,712020:13f77b23-199a-45b8-9731-69f475b9799d,,Medium,,,,Edwin Ally Mercado Padilla,712020:4583d46a-0544-4a96-aaeb-68afff92ba63,Edwin Ally Mercado Padilla,712020:4583d46a-0544-4a96-aaeb-68afff92ba63,19/sep/26 12:48 PM,19/sep/26 12:48 PM,,,,0,,,Edwin Ally Mercado Padilla,,712020:4583d46a-0544-4a96-aaeb-68afff92ba63,,,,,,,,,,0|i000pp:,,,Sprint 3: Reservas,,,,,{},Por hacer,19/sep/26 12:48 PM,10191,HOTELICA-135,HU-013 · Crear una reserva
Crear componente `src/pages/BookingModal.tsx` con wizard de 3 pasos.,HOTELICA-136,10192,Subtarea,Listo,HOTELICA,Hotelica ,software,Cristhian David Urbina Cano,712020:13f77b23-199a-45b8-9731-69f475b9799d,,Medium,Listo,,,Edwin Ally Mercado Padilla,712020:4583d46a-0544-4a96-aaeb-68afff92ba63,Edwin Ally Mercado Padilla,712020:4583d46a-0544-4a96-aaeb-68afff92ba63,19/sep/26 12:46 PM,21/sep/26 12:41 PM,,21/sep/26 12:41 PM,,0,,,Edwin Ally Mercado Padilla,,712020:4583d46a-0544-4a96-aaeb-68afff92ba63,,,,,,,,,,0|i000pd:,,,Sprint 3: Reservas,,,,,{},Listo,21/sep/26 12:41 PM,10191,HOTELICA-135,HU-013 · Crear una reserva
HU-013 · Crear una reserva,HOTELICA-135,10191,Historia,Listo,HOTELICA,Hotelica ,software,Cristhian David Urbina Cano,712020:13f77b23-199a-45b8-9731-69f475b9799d,,Medium,Listo,Tatiana,712020:82f33902-b415-48ab-af4f-ec7c296e06df,Cristhian David Urbina Cano,712020:13f77b23-199a-45b8-9731-69f475b9799d,Cristhian David Urbina Cano,712020:13f77b23-199a-45b8-9731-69f475b9799d,18/sep/26 10:43 PM,25/sep/26 9:35 PM,19/sep/26 12:47 PM,25/sep/26 9:35 PM,,0,"COMO turista QUIERO crear una reserva seleccionando habitación, fechas y número de huéspedes PARA asegurar mi alojamiento en el hotel de mi preferencia.",,Cristhian David Urbina Cano,Tatiana,712020:13f77b23-199a-45b8-9731-69f475b9799d,712020:82f33902-b415-48ab-af4f-ec7c296e06df,,,,,,,,,0|i000p8:,,,Sprint 3: Reservas,,,,,{},Listo,25/sep/26 9:35 PM,,,
Manejar caso de departamento sin actividades.,HOTELICA-134,10162,Subtarea,Listo,HOTELICA,Hotelica ,software,Cristhian David Urbina Cano,712020:13f77b23-199a-45b8-9731-69f475b9799d,,Medium,Listo,Cristhian David Urbina Cano,712020:13f77b23-199a-45b8-9731-69f475b9799d,Cristhian David Urbina Cano,712020:13f77b23-199a-45b8-9731-69f475b9799d,Cristhian David Urbina Cano,712020:13f77b23-199a-45b8-9731-69f475b9799d,09/sep/26 9:11 PM,19/sep/26 8:51 PM,,19/sep/26 8:51 PM,,0,,,Cristhian David Urbina Cano,,712020:13f77b23-199a-45b8-9731-69f475b9799d,,,,,,,,,,0|i000ov:,,,Sprint 2: Búsqueda y Consulta,,,,,{},Listo,19/sep/26 8:51 PM,10126,HOTELICA-98,HU-012 · Ver destinos y actividades turísticas
Vincular contextualmente con hoteles cercanos.,HOTELICA-133,10161,Subtarea,Listo,HOTELICA,Hotelica ,software,Cristhian David Urbina Cano,712020:13f77b23-199a-45b8-9731-69f475b9799d,,Medium,Listo,Cristhian David Urbina Cano,712020:13f77b23-199a-45b8-9731-69f475b9799d,Cristhian David Urbina Cano,712020:13f77b23-199a-45b8-9731-69f475b9799d,Cristhian David Urbina Cano,712020:13f77b23-199a-45b8-9731-69f475b9799d,09/sep/26 9:11 PM,19/sep/26 8:51 PM,,19/sep/26 8:51 PM,,0,,,Cristhian David Urbina Cano,,712020:13f77b23-199a-45b8-9731-69f475b9799d,,,,,,,,,,0|i000on:,,,Sprint 2: Búsqueda y Consulta,,,,,{},Listo,19/sep/26 8:51 PM,10126,HOTELICA-98,HU-012 · Ver destinos y actividades turísticas
"Categorizar actividades (naturaleza, cultura, aventura).",HOTELICA-132,10160,Subtarea,Listo,HOTELICA,Hotelica ,software,Cristhian David Urbina Cano,712020:13f77b23-199a-45b8-9731-69f475b9799d,,Medium,Listo,Cristhian David Urbina Cano,712020:13f77b23-199a-45b8-9731-69f475b9799d,Cristhian David Urbina Cano,712020:13f77b23-199a-45b8-9731-69f475b9799d,Cristhian David Urbina Cano,712020:13f77b23-199a-45b8-9731-69f475b9799d,09/sep/26 9:11 PM,19/sep/26 8:51 PM,,19/sep/26 8:51 PM,,0,,,Cristhian David Urbina Cano,,712020:13f77b23-199a-45b8-9731-69f475b9799d,,,,,,,,,,0|i000of:,,,Sprint 2: Búsqueda y Consulta,,,,,{},Listo,19/sep/26 8:51 PM,10126,HOTELICA-98,HU-012 · Ver destinos y actividades turísticas
Mostrar atractivos turísticos con descripción e imagen.,HOTELICA-131,10159,Subtarea,Listo,HOTELICA,Hotelica ,software,Cristhian David Urbina Cano,712020:13f77b23-199a-45b8-9731-69f475b9799d,,Medium,Listo,Cristhian David Urbina Cano,712020:13f77b23-199a-45b8-9731-69f475b9799d,Cristhian David Urbina Cano,712020:13f77b23-199a-45b8-9731-69f475b9799d,Cristhian David Urbina Cano,712020:13f77b23-199a-45b8-9731-69f475b9799d,09/sep/26 9:11 PM,19/sep/26 8:51 PM,,19/sep/26 8:51 PM,,0,,,Cristhian David Urbina Cano,,712020:13f77b23-199a-45b8-9731-69f475b9799d,,,,,,,,,,0|i000o7:,,,Sprint 2: Búsqueda y Consulta,,,,,{},Listo,19/sep/26 8:51 PM,10126,HOTELICA-98,HU-012 · Ver destinos y actividades turísticas
Crear componente `src/pages/Destinations.tsx` con listado por departamento.,HOTELICA-130,10158,Subtarea,Listo,HOTELICA,Hotelica ,software,Cristhian David Urbina Cano,712020:13f77b23-199a-45b8-9731-69f475b9799d,,Medium,Listo,,,Cristhian David Urbina Cano,712020:13f77b23-199a-45b8-9731-69f475b9799d,Cristhian David Urbina Cano,712020:13f77b23-199a-45b8-9731-69f475b9799d,09/sep/26 9:11 PM,19/sep/26 8:50 PM,19/sep/26 12:46 PM,19/sep/26 8:50 PM,,0,"* Paso 1: Selección de habitación y fechas.

* Paso 2: Datos del huésped principal.

* Paso 3: Resumen y confirmación.",,Cristhian David Urbina Cano,,712020:13f77b23-199a-45b8-9731-69f475b9799d,,,,,,,,,,0|i000nz:,,,Sprint 2: Búsqueda y Consulta,,,,,{},Listo,19/sep/26 8:50 PM,10126,HOTELICA-98,HU-012 · Ver destinos y actividades turísticas
Sugerir fechas alternativas si no hay disponibilidad.,HOTELICA-129,10157,Subtarea,Listo,HOTELICA,Hotelica ,software,Cristhian David Urbina Cano,712020:13f77b23-199a-45b8-9731-69f475b9799d,,Medium,Listo,,,Cristhian David Urbina Cano,712020:13f77b23-199a-45b8-9731-69f475b9799d,Cristhian David Urbina Cano,712020:13f77b23-199a-45b8-9731-69f475b9799d,09/sep/26 9:05 PM,18/sep/26 12:15 PM,,18/sep/26 12:15 PM,,0,,,Cristhian David Urbina Cano,,712020:13f77b23-199a-45b8-9731-69f475b9799d,,,,,,,,,,0|i000nr:,,,Sprint 2: Búsqueda y Consulta,,,,,{},Listo,18/sep/26 12:15 PM,10125,HOTELICA-97,HU-011 · Consultar disponibilidad por fechas
Mostrar calendario visual con días bloqueados/libres.,HOTELICA-128,10156,Subtarea,Listo,HOTELICA,Hotelica ,software,Cristhian David Urbina Cano,712020:13f77b23-199a-45b8-9731-69f475b9799d,,Medium,Listo,,,Cristhian David Urbina Cano,712020:13f77b23-199a-45b8-9731-69f475b9799d,Cristhian David Urbina Cano,712020:13f77b23-199a-45b8-9731-69f475b9799d,09/sep/26 9:05 PM,18/sep/26 12:15 PM,,18/sep/26 12:15 PM,,0,,,Cristhian David Urbina Cano,,712020:13f77b23-199a-45b8-9731-69f475b9799d,,,,,,,,,,0|i000nj:,,,Sprint 2: Búsqueda y Consulta,,,,,{},Listo,18/sep/26 12:15 PM,10125,HOTELICA-97,HU-011 · Consultar disponibilidad por fechas
Calcular noches y verificar unidades disponibles.,HOTELICA-127,10155,Subtarea,Listo,HOTELICA,Hotelica ,software,Cristhian David Urbina Cano,712020:13f77b23-199a-45b8-9731-69f475b9799d,,Medium,Listo,,,Cristhian David Urbina Cano,712020:13f77b23-199a-45b8-9731-69f475b9799d,Cristhian David Urbina Cano,712020:13f77b23-199a-45b8-9731-69f475b9799d,09/sep/26 9:05 PM,18/sep/26 12:15 PM,,18/sep/26 12:15 PM,,0,,,Cristhian David Urbina Cano,,712020:13f77b23-199a-45b8-9731-69f475b9799d,,,,,,,,,,0|i000nb:,,,Sprint 2: Búsqueda y Consulta,,,,,{},Listo,18/sep/26 12:15 PM,10125,HOTELICA-97,HU-011 · Consultar disponibilidad por fechas
Validar que salida > llegada.,HOTELICA-126,10154,Subtarea,Listo,HOTELICA,Hotelica ,software,Cristhian David Urbina Cano,712020:13f77b23-199a-45b8-9731-69f475b9799d,,Medium,Listo,,,Cristhian David Urbina Cano,712020:13f77b23-199a-45b8-9731-69f475b9799d,Cristhian David Urbina Cano,712020:13f77b23-199a-45b8-9731-69f475b9799d,09/sep/26 9:05 PM,18/sep/26 12:15 PM,,18/sep/26 12:15 PM,,0,,,Cristhian David Urbina Cano,,712020:13f77b23-199a-45b8-9731-69f475b9799d,,,,,,,,,,0|i000n3:,,,Sprint 2: Búsqueda y Consulta,,,,,{},Listo,18/sep/26 12:15 PM,10125,HOTELICA-97,HU-011 · Consultar disponibilidad por fechas
Agregar selector de fechas (entrada/salida) en `src/pages/HotelDetail.tsx`.,HOTELICA-125,10153,Subtarea,Listo,HOTELICA,Hotelica ,software,Cristhian David Urbina Cano,712020:13f77b23-199a-45b8-9731-69f475b9799d,,Medium,Listo,,,Cristhian David Urbina Cano,712020:13f77b23-199a-45b8-9731-69f475b9799d,Cristhian David Urbina Cano,712020:13f77b23-199a-45b8-9731-69f475b9799d,09/sep/26 9:05 PM,18/sep/26 12:14 PM,,18/sep/26 12:14 PM,,0,,,Cristhian David Urbina Cano,,712020:13f77b23-199a-45b8-9731-69f475b9799d,,,,,,,,,,0|i000mv:,,,Sprint 2: Búsqueda y Consulta,,,,,{},Listo,18/sep/26 12:14 PM,10125,HOTELICA-97,HU-011 · Consultar disponibilidad por fechas
Manejar caso de hotel sin habitaciones.,HOTELICA-124,10152,Subtarea,Listo,HOTELICA,Hotelica ,software,Cristhian David Urbina Cano,712020:13f77b23-199a-45b8-9731-69f475b9799d,,Medium,Listo,,,Cristhian David Urbina Cano,712020:13f77b23-199a-45b8-9731-69f475b9799d,Cristhian David Urbina Cano,712020:13f77b23-199a-45b8-9731-69f475b9799d,09/sep/26 9:04 PM,18/sep/26 2:44 PM,,18/sep/26 2:44 PM,,0,,,Cristhian David Urbina Cano,,712020:13f77b23-199a-45b8-9731-69f475b9799d,,,,,,,,,,0|i000mn:,,,Sprint 2: Búsqueda y Consulta,,,,,{},Listo,18/sep/26 2:44 PM,10124,HOTELICA-96,HU-010 · Consultar habitaciones y precios
Fotos específicas por tipo de habitación.,HOTELICA-123,10151,Subtarea,Listo,HOTELICA,Hotelica ,software,Cristhian David Urbina Cano,712020:13f77b23-199a-45b8-9731-69f475b9799d,,Medium,Listo,,,Cristhian David Urbina Cano,712020:13f77b23-199a-45b8-9731-69f475b9799d,Cristhian David Urbina Cano,712020:13f77b23-199a-45b8-9731-69f475b9799d,09/sep/26 9:04 PM,18/sep/26 2:44 PM,,18/sep/26 2:44 PM,,0,,,Cristhian David Urbina Cano,,712020:13f77b23-199a-45b8-9731-69f475b9799d,,,,,,,,,,0|i000mf:,,,Sprint 2: Búsqueda y Consulta,,,,,{},Listo,18/sep/26 2:44 PM,10124,HOTELICA-96,HU-010 · Consultar habitaciones y precios
Mostrar indicador visual de disponibilidad (colores/etiquetas),HOTELICA-122,10150,Subtarea,Listo,HOTELICA,Hotelica ,software,Cristhian David Urbina Cano,712020:13f77b23-199a-45b8-9731-69f475b9799d,,Medium,Listo,,,Cristhian David Urbina Cano,712020:13f77b23-199a-45b8-9731-69f475b9799d,Cristhian David Urbina Cano,712020:13f77b23-199a-45b8-9731-69f475b9799d,09/sep/26 9:04 PM,18/sep/26 2:43 PM,,18/sep/26 2:43 PM,,0,,,Cristhian David Urbina Cano,,712020:13f77b23-199a-45b8-9731-69f475b9799d,,,,,,,,,,0|i000m7:,,,Sprint 2: Búsqueda y Consulta,,,,,{},Listo,18/sep/26 2:43 PM,10124,HOTELICA-96,HU-010 · Consultar habitaciones y precios
"Listar tipos de habitación con capacidad, amenities y precio.",HOTELICA-121,10149,Subtarea,Listo,HOTELICA,Hotelica ,software,Cristhian David Urbina Cano,712020:13f77b23-199a-45b8-9731-69f475b9799d,,Medium,Listo,,,Cristhian David Urbina Cano,712020:13f77b23-199a-45b8-9731-69f475b9799d,Cristhian David Urbina Cano,712020:13f77b23-199a-45b8-9731-69f475b9799d,09/sep/26 9:04 PM,18/sep/26 2:44 PM,,18/sep/26 2:44 PM,,0,,,Cristhian David Urbina Cano,,712020:13f77b23-199a-45b8-9731-69f475b9799d,,,,,,,,,,0|i000lz:,,,Sprint 2: Búsqueda y Consulta,,,,,{},Listo,18/sep/26 2:44 PM,10124,HOTELICA-96,HU-010 · Consultar habitaciones y precios
Agregar sección de habitaciones en `src/pages/HotelDetail.tsx`.,HOTELICA-120,10148,Subtarea,Listo,HOTELICA,Hotelica ,software,Cristhian David Urbina Cano,712020:13f77b23-199a-45b8-9731-69f475b9799d,,Medium,Listo,,,Cristhian David Urbina Cano,712020:13f77b23-199a-45b8-9731-69f475b9799d,Cristhian David Urbina Cano,712020:13f77b23-199a-45b8-9731-69f475b9799d,09/sep/26 9:03 PM,18/sep/26 2:44 PM,,18/sep/26 2:44 PM,,0,,,Cristhian David Urbina Cano,,712020:13f77b23-199a-45b8-9731-69f475b9799d,,,,,,,,,,0|i000lr:,,,Sprint 2: Búsqueda y Consulta,,,,,{},Listo,18/sep/26 2:44 PM,10124,HOTELICA-96,HU-010 · Consultar habitaciones y precios
Manejar caso de hotel desactivado/eliminado,HOTELICA-119,10147,Subtarea,Listo,HOTELICA,Hotelica ,software,Cristhian David Urbina Cano,712020:13f77b23-199a-45b8-9731-69f475b9799d,,Medium,Listo,,,Cristhian David Urbina Cano,712020:13f77b23-199a-45b8-9731-69f475b9799d,Cristhian David Urbina Cano,712020:13f77b23-199a-45b8-9731-69f475b9799d,09/sep/26 6:52 PM,18/sep/26 2:44 PM,,18/sep/26 2:44 PM,,0,,,Cristhian David Urbina Cano,,712020:13f77b23-199a-45b8-9731-69f475b9799d,,,,,,,,,,0|i000lj:,,,Sprint 2: Búsqueda y Consulta,,d0f63124-99f3-4cfb-9169-db890bbc41e9,Programadores sin oficio,,{},Listo,18/sep/26 2:44 PM,10123,HOTELICA-95,HU-009 · Consultar detalles del hotel
Lista de amenidades/servicios disponibles,HOTELICA-118,10146,Subtarea,Listo,HOTELICA,Hotelica ,software,Cristhian David Urbina Cano,712020:13f77b23-199a-45b8-9731-69f475b9799d,,Medium,Listo,,,Cristhian David Urbina Cano,712020:13f77b23-199a-45b8-9731-69f475b9799d,Cristhian David Urbina Cano,712020:13f77b23-199a-45b8-9731-69f475b9799d,09/sep/26 6:51 PM,18/sep/26 2:44 PM,,18/sep/26 2:44 PM,,0,,,Cristhian David Urbina Cano,,712020:13f77b23-199a-45b8-9731-69f475b9799d,,,,,,,,,,0|i000lb:,,,Sprint 2: Búsqueda y Consulta,,d0f63124-99f3-4cfb-9169-db890bbc41e9,Programadores sin oficio,,{},Listo,18/sep/26 2:44 PM,10123,HOTELICA-95,HU-009 · Consultar detalles del hotel
Galería de imágenes principales desde `fotografias´,HOTELICA-117,10145,Subtarea,Listo,HOTELICA,Hotelica ,software,Cristhian David Urbina Cano,712020:13f77b23-199a-45b8-9731-69f475b9799d,,Medium,Listo,,,Cristhian David Urbina Cano,712020:13f77b23-199a-45b8-9731-69f475b9799d,Cristhian David Urbina Cano,712020:13f77b23-199a-45b8-9731-69f475b9799d,09/sep/26 6:51 PM,18/sep/26 2:44 PM,,18/sep/26 2:44 PM,,0,,,Cristhian David Urbina Cano,,712020:13f77b23-199a-45b8-9731-69f475b9799d,,,,,,,,,,0|i000l3:,,,Sprint 2: Búsqueda y Consulta,,d0f63124-99f3-4cfb-9169-db890bbc41e9,Programadores sin oficio,,{},Listo,18/sep/26 2:44 PM,10123,HOTELICA-95,HU-009 · Consultar detalles del hotel
"Mostrar nombre, descripción, ubicación, calificación promedio.",HOTELICA-116,10144,Subtarea,Listo,HOTELICA,Hotelica ,software,Cristhian David Urbina Cano,712020:13f77b23-199a-45b8-9731-69f475b9799d,,Medium,Listo,,,Cristhian David Urbina Cano,712020:13f77b23-199a-45b8-9731-69f475b9799d,Cristhian David Urbina Cano,712020:13f77b23-199a-45b8-9731-69f475b9799d,09/sep/26 6:50 PM,18/sep/26 2:44 PM,,18/sep/26 2:44 PM,,0,,,Cristhian David Urbina Cano,,712020:13f77b23-199a-45b8-9731-69f475b9799d,,,,,,,,,,0|i000kv:,,,Sprint 2: Búsqueda y Consulta,,d0f63124-99f3-4cfb-9169-db890bbc41e9,Programadores sin oficio,,{},Listo,18/sep/26 2:44 PM,10123,HOTELICA-95,HU-009 · Consultar detalles del hotel
Crear componente `src/pages/HotelDetail.tsx` con ruta `/hotel/:id`,HOTELICA-115,10143,Subtarea,Listo,HOTELICA,Hotelica ,software,Cristhian David Urbina Cano,712020:13f77b23-199a-45b8-9731-69f475b9799d,,Medium,Listo,,,Cristhian David Urbina Cano,712020:13f77b23-199a-45b8-9731-69f475b9799d,Cristhian David Urbina Cano,712020:13f77b23-199a-45b8-9731-69f475b9799d,09/sep/26 6:50 PM,18/sep/26 2:44 PM,,18/sep/26 2:44 PM,,0,,,Cristhian David Urbina Cano,,712020:13f77b23-199a-45b8-9731-69f475b9799d,,,,,,,,,,0|i000kn:,,,Sprint 2: Búsqueda y Consulta,,d0f63124-99f3-4cfb-9169-db890bbc41e9,Programadores sin oficio,,{},Listo,18/sep/26 2:44 PM,10123,HOTELICA-95,HU-009 · Consultar detalles del hotel
Mostrar mensaje si no hay capacidad suficiente,HOTELICA-114,10142,Subtarea,Listo,HOTELICA,Hotelica ,software,Cristhian David Urbina Cano,712020:13f77b23-199a-45b8-9731-69f475b9799d,,Medium,Listo,,,Cristhian David Urbina Cano,712020:13f77b23-199a-45b8-9731-69f475b9799d,Cristhian David Urbina Cano,712020:13f77b23-199a-45b8-9731-69f475b9799d,09/sep/26 6:48 PM,18/sep/26 2:22 PM,,18/sep/26 2:22 PM,,0,,,Cristhian David Urbina Cano,,712020:13f77b23-199a-45b8-9731-69f475b9799d,,,,,,,,,,0|i000kf:,,,Sprint 2: Búsqueda y Consulta,,,,,{},Listo,18/sep/26 2:22 PM,10122,HOTELICA-94,HU-008 · Filtrar hoteles por capacidad
Combinar con filtros de precio y departamento.,HOTELICA-113,10141,Subtarea,Listo,HOTELICA,Hotelica ,software,Cristhian David Urbina Cano,712020:13f77b23-199a-45b8-9731-69f475b9799d,,Medium,Listo,,,Cristhian David Urbina Cano,712020:13f77b23-199a-45b8-9731-69f475b9799d,Cristhian David Urbina Cano,712020:13f77b23-199a-45b8-9731-69f475b9799d,09/sep/26 6:48 PM,18/sep/26 2:22 PM,,18/sep/26 2:22 PM,,0,,,Cristhian David Urbina Cano,,712020:13f77b23-199a-45b8-9731-69f475b9799d,,,,,,,,,,0|i000k7:,,,Sprint 2: Búsqueda y Consulta,,,,,{},Listo,18/sep/26 2:22 PM,10122,HOTELICA-94,HU-008 · Filtrar hoteles por capacidad
Actualizar resultados en tiempo real.,HOTELICA-112,10140,Subtarea,Listo,HOTELICA,Hotelica ,software,Cristhian David Urbina Cano,712020:13f77b23-199a-45b8-9731-69f475b9799d,,Medium,Listo,,,Cristhian David Urbina Cano,712020:13f77b23-199a-45b8-9731-69f475b9799d,Cristhian David Urbina Cano,712020:13f77b23-199a-45b8-9731-69f475b9799d,09/sep/26 6:48 PM,18/sep/26 2:22 PM,,18/sep/26 2:22 PM,,0,,,Cristhian David Urbina Cano,,712020:13f77b23-199a-45b8-9731-69f475b9799d,,,,,,,,,,0|i000jz:,,,Sprint 2: Búsqueda y Consulta,,,,,{},Listo,18/sep/26 2:22 PM,10122,HOTELICA-94,HU-008 · Filtrar hoteles por capacidad
Filtrar hoteles basado en `capacidad` máxima de habitaciones disponibles,HOTELICA-111,10139,Subtarea,Listo,HOTELICA,Hotelica ,software,Cristhian David Urbina Cano,712020:13f77b23-199a-45b8-9731-69f475b9799d,,Medium,Listo,,,Cristhian David Urbina Cano,712020:13f77b23-199a-45b8-9731-69f475b9799d,Cristhian David Urbina Cano,712020:13f77b23-199a-45b8-9731-69f475b9799d,09/sep/26 6:48 PM,18/sep/26 2:22 PM,,18/sep/26 2:22 PM,,0,,,Cristhian David Urbina Cano,,712020:13f77b23-199a-45b8-9731-69f475b9799d,,,,,,,,,,0|i000jr:,,,Sprint 2: Búsqueda y Consulta,,,,,{},Listo,18/sep/26 2:22 PM,10122,HOTELICA-94,HU-008 · Filtrar hoteles por capacidad
Agregar selector de huéspedes (1-10+) en `src/pages/Results.tsx`,HOTELICA-110,10138,Subtarea,Listo,HOTELICA,Hotelica ,software,Cristhian David Urbina Cano,712020:13f77b23-199a-45b8-9731-69f475b9799d,,Medium,Listo,,,Cristhian David Urbina Cano,712020:13f77b23-199a-45b8-9731-69f475b9799d,Cristhian David Urbina Cano,712020:13f77b23-199a-45b8-9731-69f475b9799d,09/sep/26 6:48 PM,18/sep/26 2:22 PM,,18/sep/26 2:22 PM,,0,,,Cristhian David Urbina Cano,,712020:13f77b23-199a-45b8-9731-69f475b9799d,,,,,,,,,,0|i000jj:,,,Sprint 2: Búsqueda y Consulta,,,,,{},Listo,18/sep/26 2:22 PM,10122,HOTELICA-94,HU-008 · Filtrar hoteles por capacidad
Persistir filtro al cambiar de página.,HOTELICA-109,10137,Subtarea,Listo,HOTELICA,Hotelica ,software,Cristhian David Urbina Cano,712020:13f77b23-199a-45b8-9731-69f475b9799d,,Medium,Listo,,,Cristhian David Urbina Cano,712020:13f77b23-199a-45b8-9731-69f475b9799d,Cristhian David Urbina Cano,712020:13f77b23-199a-45b8-9731-69f475b9799d,07/sep/26 12:31 PM,18/sep/26 11:34 AM,,18/sep/26 11:34 AM,,0,,,Cristhian David Urbina Cano,,712020:13f77b23-199a-45b8-9731-69f475b9799d,,,,,,,,,,0|i000jb:,,,Sprint 2: Búsqueda y Consulta,,,,,{},Listo,18/sep/26 11:34 AM,10121,HOTELICA-93,HU-007 · Filtrar hoteles por precio
Validar que min ≤ max antes de aplicar.,HOTELICA-108,10136,Subtarea,Listo,HOTELICA,Hotelica ,software,Cristhian David Urbina Cano,712020:13f77b23-199a-45b8-9731-69f475b9799d,,Medium,Listo,,,Cristhian David Urbina Cano,712020:13f77b23-199a-45b8-9731-69f475b9799d,Cristhian David Urbina Cano,712020:13f77b23-199a-45b8-9731-69f475b9799d,07/sep/26 12:31 PM,18/sep/26 11:34 AM,,18/sep/26 11:34 AM,,0,,,Cristhian David Urbina Cano,,712020:13f77b23-199a-45b8-9731-69f475b9799d,,,,,,,,,,0|i000j3:,,,Sprint 2: Búsqueda y Consulta,,,,,{},Listo,18/sep/26 11:34 AM,10121,HOTELICA-93,HU-007 · Filtrar hoteles por precio
Mostrar precios en córdobas (C$) con formato nicaragüense.,HOTELICA-107,10135,Subtarea,Listo,HOTELICA,Hotelica ,software,Cristhian David Urbina Cano,712020:13f77b23-199a-45b8-9731-69f475b9799d,,Medium,Listo,,,Cristhian David Urbina Cano,712020:13f77b23-199a-45b8-9731-69f475b9799d,Cristhian David Urbina Cano,712020:13f77b23-199a-45b8-9731-69f475b9799d,07/sep/26 12:31 PM,18/sep/26 11:34 AM,,18/sep/26 11:34 AM,,0,,,Cristhian David Urbina Cano,,712020:13f77b23-199a-45b8-9731-69f475b9799d,,,,,,,,,,0|i000iv:,,,Sprint 2: Búsqueda y Consulta,,,,,{},Listo,18/sep/26 11:34 AM,10121,HOTELICA-93,HU-007 · Filtrar hoteles por precio
Aplicar filtro dinámico sobre resultados existentes.,HOTELICA-106,10134,Subtarea,Listo,HOTELICA,Hotelica ,software,Cristhian David Urbina Cano,712020:13f77b23-199a-45b8-9731-69f475b9799d,,Medium,Listo,,,Cristhian David Urbina Cano,712020:13f77b23-199a-45b8-9731-69f475b9799d,Cristhian David Urbina Cano,712020:13f77b23-199a-45b8-9731-69f475b9799d,07/sep/26 12:30 PM,18/sep/26 11:25 AM,,18/sep/26 11:25 AM,,0,,,Cristhian David Urbina Cano,,712020:13f77b23-199a-45b8-9731-69f475b9799d,,,,,,,,,,0|i000in:,,,Sprint 2: Búsqueda y Consulta,,,,,{},Listo,18/sep/26 11:25 AM,10121,HOTELICA-93,HU-007 · Filtrar hoteles por precio
Agregar filtros de precio (min/max) en `src/pages/Results.tsx`.,HOTELICA-105,10133,Subtarea,Listo,HOTELICA,Hotelica ,software,Cristhian David Urbina Cano,712020:13f77b23-199a-45b8-9731-69f475b9799d,,Medium,Listo,,,Cristhian David Urbina Cano,712020:13f77b23-199a-45b8-9731-69f475b9799d,Cristhian David Urbina Cano,712020:13f77b23-199a-45b8-9731-69f475b9799d,07/sep/26 12:30 PM,18/sep/26 11:25 AM,,18/sep/26 11:25 AM,,0,,,Cristhian David Urbina Cano,,712020:13f77b23-199a-45b8-9731-69f475b9799d,,,,,,,,,,0|i000if:,,,Sprint 2: Búsqueda y Consulta,,,,,{},Listo,18/sep/26 11:25 AM,10121,HOTELICA-93,HU-007 · Filtrar hoteles por precio
"Manejar caso ""sin resultados"" con mensaje claro.",HOTELICA-104,10132,Subtarea,Listo,HOTELICA,Hotelica ,software,Cristhian David Urbina Cano,712020:13f77b23-199a-45b8-9731-69f475b9799d,,Medium,Listo,,,Cristhian David Urbina Cano,712020:13f77b23-199a-45b8-9731-69f475b9799d,Cristhian David Urbina Cano,712020:13f77b23-199a-45b8-9731-69f475b9799d,07/sep/26 12:28 PM,08/sep/26 3:18 PM,,08/sep/26 3:18 PM,,0,,,Cristhian David Urbina Cano,,712020:13f77b23-199a-45b8-9731-69f475b9799d,,,,,,,,,,0|i000i7:,,,Sprint 2: Búsqueda y Consulta,,,,,{},Listo,08/sep/26 3:18 PM,10120,HOTELICA-92,HU-006 · Buscar hoteles por departamento
Navegar a `/resultados` con los hoteles filtrados.,HOTELICA-103,10131,Subtarea,Listo,HOTELICA,Hotelica ,software,Cristhian David Urbina Cano,712020:13f77b23-199a-45b8-9731-69f475b9799d,,Medium,Listo,,,Cristhian David Urbina Cano,712020:13f77b23-199a-45b8-9731-69f475b9799d,Cristhian David Urbina Cano,712020:13f77b23-199a-45b8-9731-69f475b9799d,07/sep/26 12:28 PM,10/sep/26 11:03 PM,,10/sep/26 11:03 PM,,0,,,Cristhian David Urbina Cano,,712020:13f77b23-199a-45b8-9731-69f475b9799d,,,,,,,,,,0|i000hz:,,,Sprint 2: Búsqueda y Consulta,,,,,{},Listo,10/sep/26 11:03 PM,10120,HOTELICA-92,HU-006 · Buscar hoteles por departamento
Mostrar solo hoteles con `estado_hotel = 'Aprobado'`.,HOTELICA-102,10130,Subtarea,Listo,HOTELICA,Hotelica ,software,Cristhian David Urbina Cano,712020:13f77b23-199a-45b8-9731-69f475b9799d,,Medium,Listo,,,Cristhian David Urbina Cano,712020:13f77b23-199a-45b8-9731-69f475b9799d,Cristhian David Urbina Cano,712020:13f77b23-199a-45b8-9731-69f475b9799d,07/sep/26 12:28 PM,10/sep/26 11:03 PM,,10/sep/26 11:03 PM,,0,,,Cristhian David Urbina Cano,,712020:13f77b23-199a-45b8-9731-69f475b9799d,,,,,,,,,,0|i000hr:,,,Sprint 2: Búsqueda y Consulta,,,,,{},Listo,10/sep/26 11:03 PM,10120,HOTELICA-92,HU-006 · Buscar hoteles por departamento
Filtrar hoteles de `src/data.ts` por departamento seleccionado.,HOTELICA-101,10129,Subtarea,Listo,HOTELICA,Hotelica ,software,Cristhian David Urbina Cano,712020:13f77b23-199a-45b8-9731-69f475b9799d,,Medium,Listo,,,Cristhian David Urbina Cano,712020:13f77b23-199a-45b8-9731-69f475b9799d,Cristhian David Urbina Cano,712020:13f77b23-199a-45b8-9731-69f475b9799d,07/sep/26 12:28 PM,10/sep/26 11:03 PM,,10/sep/26 11:03 PM,,0,,,Cristhian David Urbina Cano,,712020:13f77b23-199a-45b8-9731-69f475b9799d,,,,,,,,,,0|i000hj:,,,Sprint 2: Búsqueda y Consulta,,,,,{},Listo,10/sep/26 11:03 PM,10120,HOTELICA-92,HU-006 · Buscar hoteles por departamento
Modificar `src/pages/Home.tsx` con selector de 8 departamentos de Nicaragua.,HOTELICA-100,10128,Subtarea,Listo,HOTELICA,Hotelica ,software,Cristhian David Urbina Cano,712020:13f77b23-199a-45b8-9731-69f475b9799d,,Medium,Listo,,,Cristhian David Urbina Cano,712020:13f77b23-199a-45b8-9731-69f475b9799d,Cristhian David Urbina Cano,712020:13f77b23-199a-45b8-9731-69f475b9799d,07/sep/26 12:27 PM,10/sep/26 11:03 PM,,10/sep/26 11:03 PM,,0,,,Cristhian David Urbina Cano,,712020:13f77b23-199a-45b8-9731-69f475b9799d,,,,,,,,,,0|i000hb:,,,Sprint 2: Búsqueda y Consulta,,,,,{},Listo,10/sep/26 11:03 PM,10120,HOTELICA-92,HU-006 · Buscar hoteles por departamento
S2-Buffer Técnico / Imprevistos,HOTELICA-99,10127,Tarea,Listo,HOTELICA,Hotelica ,software,Cristhian David Urbina Cano,712020:13f77b23-199a-45b8-9731-69f475b9799d,,Medium,Listo,Edwin Ally Mercado Padilla,712020:4583d46a-0544-4a96-aaeb-68afff92ba63,Cristhian David Urbina Cano,712020:13f77b23-199a-45b8-9731-69f475b9799d,Cristhian David Urbina Cano,712020:13f77b23-199a-45b8-9731-69f475b9799d,07/sep/26 12:17 PM,20/sep/26 8:02 PM,11/sep/26 10:06 AM,20/sep/26 8:02 PM,,0,Revisión y testeo de todas las historias de usuario aplicadas en el Sprint 2,,Cristhian David Urbina Cano,,712020:13f77b23-199a-45b8-9731-69f475b9799d,,,,,,,,,,0|i000h3:,,,Sprint 2: Búsqueda y Consulta,,,,,{},Listo,20/sep/26 8:02 PM,,,
HU-012 · Ver destinos y actividades turísticas,HOTELICA-98,10126,Historia,Listo,HOTELICA,Hotelica ,software,Cristhian David Urbina Cano,712020:13f77b23-199a-45b8-9731-69f475b9799d,,Medium,Listo,Edwin Ally Mercado Padilla,712020:4583d46a-0544-4a96-aaeb-68afff92ba63,Cristhian David Urbina Cano,712020:13f77b23-199a-45b8-9731-69f475b9799d,Cristhian David Urbina Cano,712020:13f77b23-199a-45b8-9731-69f475b9799d,07/sep/26 12:16 PM,19/sep/26 8:51 PM,19/sep/26 12:46 PM,19/sep/26 8:51 PM,,0,COMO turista QUIERO explorar destinos y actividades turísticas por departamento PARA planificar mi viaje más allá del alojamiento.,,Cristhian David Urbina Cano,,712020:13f77b23-199a-45b8-9731-69f475b9799d,,,,,,,,,,0|i000gj:,,,Sprint 2: Búsqueda y Consulta,,,,,{},Listo,19/sep/26 8:51 PM,,,
HU-011 · Consultar disponibilidad por fechas,HOTELICA-97,10125,Historia,Listo,HOTELICA,Hotelica ,software,Cristhian David Urbina Cano,712020:13f77b23-199a-45b8-9731-69f475b9799d,,Medium,Listo,Tatiana,712020:82f33902-b415-48ab-af4f-ec7c296e06df,Cristhian David Urbina Cano,712020:13f77b23-199a-45b8-9731-69f475b9799d,Cristhian David Urbina Cano,712020:13f77b23-199a-45b8-9731-69f475b9799d,07/sep/26 12:15 PM,18/sep/26 12:17 PM,19/sep/26 12:45 PM,18/sep/26 12:17 PM,,0,COMO turista QUIERO verificar la disponibilidad de una habitación para fechas específicas PARA asegurar que puedo reservar en el periodo deseado.,,Cristhian David Urbina Cano,,712020:13f77b23-199a-45b8-9731-69f475b9799d,,,,,,,,,,0|i000gn:,,,Sprint 2: Búsqueda y Consulta,,,,,{},Listo,18/sep/26 12:17 PM,,,
HU-010 · Consultar habitaciones y precios,HOTELICA-96,10124,Historia,Listo,HOTELICA,Hotelica ,software,Cristhian David Urbina Cano,712020:13f77b23-199a-45b8-9731-69f475b9799d,,Medium,Listo,Edwin Ally Mercado Padilla,712020:4583d46a-0544-4a96-aaeb-68afff92ba63,Cristhian David Urbina Cano,712020:13f77b23-199a-45b8-9731-69f475b9799d,Cristhian David Urbina Cano,712020:13f77b23-199a-45b8-9731-69f475b9799d,07/sep/26 12:15 PM,18/sep/26 3:01 PM,,18/sep/26 3:01 PM,,0,COMO turista QUIERO ver las habitaciones disponibles de un hotel con sus precios PARA comparar opciones y elegir la que mejor se adapte a mi necesidad.,,Cristhian David Urbina Cano,,712020:13f77b23-199a-45b8-9731-69f475b9799d,,,,,,,,,,0|i000gf:,,,Sprint 2: Búsqueda y Consulta,,,,,{},Listo,18/sep/26 3:01 PM,,,
HU-009 · Consultar detalles del hotel,HOTELICA-95,10123,Historia,Listo,HOTELICA,Hotelica ,software,Cristhian David Urbina Cano,712020:13f77b23-199a-45b8-9731-69f475b9799d,,Medium,Listo,Cristhian David Urbina Cano,712020:13f77b23-199a-45b8-9731-69f475b9799d,Cristhian David Urbina Cano,712020:13f77b23-199a-45b8-9731-69f475b9799d,Cristhian David Urbina Cano,712020:13f77b23-199a-45b8-9731-69f475b9799d,07/sep/26 12:14 PM,18/sep/26 2:44 PM,,18/sep/26 2:44 PM,,0,COMO turista QUIERO ver la información detallada de un hotel específico PARA evaluar si cumple con mis expectativas antes de reservar.,,Cristhian David Urbina Cano,,712020:13f77b23-199a-45b8-9731-69f475b9799d,,,,,,,,,,0|i000g7:,,,Sprint 2: Búsqueda y Consulta,,d0f63124-99f3-4cfb-9169-db890bbc41e9,Programadores sin oficio,,{},Listo,18/sep/26 2:44 PM,,,
HU-008 · Filtrar hoteles por capacidad,HOTELICA-94,10122,Historia,Listo,HOTELICA,Hotelica ,software,Cristhian David Urbina Cano,712020:13f77b23-199a-45b8-9731-69f475b9799d,,Medium,Listo,Edwin Ally Mercado Padilla,712020:4583d46a-0544-4a96-aaeb-68afff92ba63,Cristhian David Urbina Cano,712020:13f77b23-199a-45b8-9731-69f475b9799d,Cristhian David Urbina Cano,712020:13f77b23-199a-45b8-9731-69f475b9799d,07/sep/26 12:14 PM,18/sep/26 2:22 PM,11/sep/26 10:05 AM,18/sep/26 2:22 PM,,0,COMO turista QUIERO filtrar hoteles según la cantidad de huéspedes que necesito alojar PARA encontrar habitaciones adecuadas para mi grupo de viaje. ,,Cristhian David Urbina Cano,,712020:13f77b23-199a-45b8-9731-69f475b9799d,,,,,,,,,,0|i000fz:,,,Sprint 2: Búsqueda y Consulta,,,,,{},Listo,18/sep/26 2:22 PM,,,
HU-007 · Filtrar hoteles por precio,HOTELICA-93,10121,Historia,Listo,HOTELICA,Hotelica ,software,Cristhian David Urbina Cano,712020:13f77b23-199a-45b8-9731-69f475b9799d,,Medium,Listo,Tatiana,712020:82f33902-b415-48ab-af4f-ec7c296e06df,Cristhian David Urbina Cano,712020:13f77b23-199a-45b8-9731-69f475b9799d,Cristhian David Urbina Cano,712020:13f77b23-199a-45b8-9731-69f475b9799d,07/sep/26 12:14 PM,18/sep/26 11:24 AM,,18/sep/26 11:24 AM,,0,COMO turista QUIERO filtrar los resultados de búsqueda por rango de precios PARA encontrar hoteles que se ajusten a mi presupuesto.,,Cristhian David Urbina Cano,,712020:13f77b23-199a-45b8-9731-69f475b9799d,,,,,,,,,,0|i000fr:,,,Sprint 2: Búsqueda y Consulta,,,,,{},Listo,18/sep/26 11:24 AM,,,
HU-006 · Buscar hoteles por departamento,HOTELICA-92,10120,Historia,Listo,HOTELICA,Hotelica ,software,Cristhian David Urbina Cano,712020:13f77b23-199a-45b8-9731-69f475b9799d,,Medium,Listo,Tatiana,712020:82f33902-b415-48ab-af4f-ec7c296e06df,Cristhian David Urbina Cano,712020:13f77b23-199a-45b8-9731-69f475b9799d,Cristhian David Urbina Cano,712020:13f77b23-199a-45b8-9731-69f475b9799d,07/sep/26 12:13 PM,11/sep/26 10:20 AM,,10/sep/26 11:03 PM,,0,COMO turista QUIERO buscar hoteles filtrando por departamento de Nicaragua PARA encontrar opciones de alojamiento en el destino que deseo visitar.,,Cristhian David Urbina Cano,,712020:13f77b23-199a-45b8-9731-69f475b9799d,,,,,,,,,,0|i000fj:,,,Sprint 2: Búsqueda y Consulta,,,,,{},Listo,10/sep/26 11:03 PM,,,
Documentación técnica de decisiones tomadas,HOTELICA-91,10090,Subtarea,Listo,HOTELICA,Hotelica ,software,Cristhian David Urbina Cano,712020:13f77b23-199a-45b8-9731-69f475b9799d,,Medium,Listo,Cristhian David Urbina Cano,712020:13f77b23-199a-45b8-9731-69f475b9799d,Cristhian David Urbina Cano,712020:13f77b23-199a-45b8-9731-69f475b9799d,Cristhian David Urbina Cano,712020:13f77b23-199a-45b8-9731-69f475b9799d,28/ago/26 10:47 PM,11/sep/26 10:18 AM,,07/sep/26 10:00 PM,,0,,,Cristhian David Urbina Cano,,712020:13f77b23-199a-45b8-9731-69f475b9799d,,,,,,,,,,0|i000fb:,,,Sprint 1: Identidad,,d0f63124-99f3-4cfb-9169-db890bbc41e9,Programadores sin oficio,,{},Listo,07/sep/26 10:00 PM,10059,HOTELICA-60,S1-BUF Buffer Técnico / Imprevistos
Testing edge cases en autenticación,HOTELICA-90,10089,Subtarea,Listo,HOTELICA,Hotelica ,software,Cristhian David Urbina Cano,712020:13f77b23-199a-45b8-9731-69f475b9799d,,Medium,Listo,Cristhian David Urbina Cano,712020:13f77b23-199a-45b8-9731-69f475b9799d,Cristhian David Urbina Cano,712020:13f77b23-199a-45b8-9731-69f475b9799d,Cristhian David Urbina Cano,712020:13f77b23-199a-45b8-9731-69f475b9799d,28/ago/26 10:47 PM,11/sep/26 10:21 AM,,07/sep/26 10:00 PM,,0,,,Cristhian David Urbina Cano,,712020:13f77b23-199a-45b8-9731-69f475b9799d,,,,,,,,,,0|i000f3:,,,Sprint 1: Identidad,,d0f63124-99f3-4cfb-9169-db890bbc41e9,Programadores sin oficio,,{},Listo,07/sep/26 10:00 PM,10059,HOTELICA-60,S1-BUF Buffer Técnico / Imprevistos
Ajustes configuración RLS en Supabase si aplica,HOTELICA-89,10088,Subtarea,Listo,HOTELICA,Hotelica ,software,Cristhian David Urbina Cano,712020:13f77b23-199a-45b8-9731-69f475b9799d,,Medium,Listo,Tatiana,712020:82f33902-b415-48ab-af4f-ec7c296e06df,Cristhian David Urbina Cano,712020:13f77b23-199a-45b8-9731-69f475b9799d,Cristhian David Urbina Cano,712020:13f77b23-199a-45b8-9731-69f475b9799d,28/ago/26 10:47 PM,11/sep/26 10:19 AM,,07/sep/26 10:00 PM,,0,,,Cristhian David Urbina Cano,,712020:13f77b23-199a-45b8-9731-69f475b9799d,,,,,,,,,,0|i000ev:,,,Sprint 1: Identidad,,d0f63124-99f3-4cfb-9169-db890bbc41e9,Programadores sin oficio,,{},Listo,07/sep/26 10:00 PM,10059,HOTELICA-60,S1-BUF Buffer Técnico / Imprevistos
Revisión seguridad auth y mensajes error UX,HOTELICA-88,10087,Subtarea,Listo,HOTELICA,Hotelica ,software,Cristhian David Urbina Cano,712020:13f77b23-199a-45b8-9731-69f475b9799d,,Medium,Listo,Cristhian David Urbina Cano,712020:13f77b23-199a-45b8-9731-69f475b9799d,Cristhian David Urbina Cano,712020:13f77b23-199a-45b8-9731-69f475b9799d,Cristhian David Urbina Cano,712020:13f77b23-199a-45b8-9731-69f475b9799d,28/ago/26 10:47 PM,11/sep/26 10:20 AM,,07/sep/26 10:00 PM,,0,,,Cristhian David Urbina Cano,,712020:13f77b23-199a-45b8-9731-69f475b9799d,,,,,,,,,,0|i000en:,,,Sprint 1: Identidad,,d0f63124-99f3-4cfb-9169-db890bbc41e9,Programadores sin oficio,,{},Listo,07/sep/26 10:00 PM,10059,HOTELICA-60,S1-BUF Buffer Técnico / Imprevistos
Validar que nueva contraseña cumpla requisitos de fortaleza,HOTELICA-87,10086,Subtarea,Listo,HOTELICA,Hotelica ,software,Cristhian David Urbina Cano,712020:13f77b23-199a-45b8-9731-69f475b9799d,,Medium,Listo,Edwin Ally Mercado Padilla,712020:4583d46a-0544-4a96-aaeb-68afff92ba63,Cristhian David Urbina Cano,712020:13f77b23-199a-45b8-9731-69f475b9799d,Cristhian David Urbina Cano,712020:13f77b23-199a-45b8-9731-69f475b9799d,28/ago/26 10:45 PM,11/sep/26 10:19 AM,,07/sep/26 9:59 PM,,0,,,Cristhian David Urbina Cano,,712020:13f77b23-199a-45b8-9731-69f475b9799d,,,,,,,,,,0|i000ef:,,,Sprint 1: Identidad,,d0f63124-99f3-4cfb-9169-db890bbc41e9,Programadores sin oficio,,{},Listo,07/sep/26 9:59 PM,10058,HOTELICA-59,HU-004 Recuperar contraseña
Página reset con validación de token válido/expirado,HOTELICA-86,10085,Subtarea,Listo,HOTELICA,Hotelica ,software,Cristhian David Urbina Cano,712020:13f77b23-199a-45b8-9731-69f475b9799d,,Medium,Listo,Cristhian David Urbina Cano,712020:13f77b23-199a-45b8-9731-69f475b9799d,Cristhian David Urbina Cano,712020:13f77b23-199a-45b8-9731-69f475b9799d,Cristhian David Urbina Cano,712020:13f77b23-199a-45b8-9731-69f475b9799d,28/ago/26 10:45 PM,11/sep/26 10:19 AM,,07/sep/26 9:59 PM,,0,,,Cristhian David Urbina Cano,,712020:13f77b23-199a-45b8-9731-69f475b9799d,,,,,,,,,,0|i000e7:,,,Sprint 1: Identidad,,d0f63124-99f3-4cfb-9169-db890bbc41e9,Programadores sin oficio,,{},Listo,07/sep/26 9:59 PM,10058,HOTELICA-59,HU-004 Recuperar contraseña
Simular envío email (log en consola/Fase 1) o integrar servicio real,HOTELICA-85,10084,Subtarea,Listo,HOTELICA,Hotelica ,software,Cristhian David Urbina Cano,712020:13f77b23-199a-45b8-9731-69f475b9799d,,Medium,Listo,Edwin Ally Mercado Padilla,712020:4583d46a-0544-4a96-aaeb-68afff92ba63,Cristhian David Urbina Cano,712020:13f77b23-199a-45b8-9731-69f475b9799d,Cristhian David Urbina Cano,712020:13f77b23-199a-45b8-9731-69f475b9799d,28/ago/26 10:45 PM,11/sep/26 10:19 AM,,07/sep/26 9:59 PM,,0,,,Cristhian David Urbina Cano,,712020:13f77b23-199a-45b8-9731-69f475b9799d,,,,,,,,,,0|i000dz:,,,Sprint 1: Identidad,,d0f63124-99f3-4cfb-9169-db890bbc41e9,Programadores sin oficio,,{},Listo,07/sep/26 9:59 PM,10058,HOTELICA-59,HU-004 Recuperar contraseña
Generar token único temporal con expiración (ej. 15 min),HOTELICA-84,10083,Subtarea,Listo,HOTELICA,Hotelica ,software,Cristhian David Urbina Cano,712020:13f77b23-199a-45b8-9731-69f475b9799d,,Medium,Listo,Tatiana,712020:82f33902-b415-48ab-af4f-ec7c296e06df,Cristhian David Urbina Cano,712020:13f77b23-199a-45b8-9731-69f475b9799d,Cristhian David Urbina Cano,712020:13f77b23-199a-45b8-9731-69f475b9799d,28/ago/26 10:45 PM,11/sep/26 10:19 AM,,07/sep/26 9:59 PM,,0,,,Cristhian David Urbina Cano,,712020:13f77b23-199a-45b8-9731-69f475b9799d,,,,,,,,,,0|i000dr:,,,Sprint 1: Identidad,,d0f63124-99f3-4cfb-9169-db890bbc41e9,Programadores sin oficio,,{},Listo,07/sep/26 9:59 PM,10058,HOTELICA-59,HU-004 Recuperar contraseña
"Formulario ""Olvidé contraseña"" con validación email",HOTELICA-83,10082,Subtarea,Listo,HOTELICA,Hotelica ,software,Cristhian David Urbina Cano,712020:13f77b23-199a-45b8-9731-69f475b9799d,,Medium,Listo,Tatiana,712020:82f33902-b415-48ab-af4f-ec7c296e06df,Cristhian David Urbina Cano,712020:13f77b23-199a-45b8-9731-69f475b9799d,Cristhian David Urbina Cano,712020:13f77b23-199a-45b8-9731-69f475b9799d,28/ago/26 10:44 PM,11/sep/26 10:19 AM,,07/sep/26 11:40 AM,,0,,,Cristhian David Urbina Cano,,712020:13f77b23-199a-45b8-9731-69f475b9799d,,,,,,,,,,0|i000dj:,,,Sprint 1: Identidad,,d0f63124-99f3-4cfb-9169-db890bbc41e9,Programadores sin oficio,,{},Listo,07/sep/26 11:40 AM,10058,HOTELICA-59,HU-004 Recuperar contraseña
Validar que solo el propio usuario pueda editar su perfil,HOTELICA-82,10081,Subtarea,Listo,HOTELICA,Hotelica ,software,Cristhian David Urbina Cano,712020:13f77b23-199a-45b8-9731-69f475b9799d,,Medium,Listo,Tatiana,712020:82f33902-b415-48ab-af4f-ec7c296e06df,Cristhian David Urbina Cano,712020:13f77b23-199a-45b8-9731-69f475b9799d,Cristhian David Urbina Cano,712020:13f77b23-199a-45b8-9731-69f475b9799d,28/ago/26 10:43 PM,11/sep/26 10:19 AM,,07/sep/26 11:32 AM,,0,,,Cristhian David Urbina Cano,,712020:13f77b23-199a-45b8-9731-69f475b9799d,,,,,,,,,,0|i000db:,,,Sprint 1: Identidad,,d0f63124-99f3-4cfb-9169-db890bbc41e9,Programadores sin oficio,,{},Listo,07/sep/26 11:32 AM,10057,HOTELICA-58,HU-005 Gestionar perfil
"Feedback visual ""Guardado exitoso"" o errores específicos por campo",HOTELICA-81,10080,Subtarea,Listo,HOTELICA,Hotelica ,software,Cristhian David Urbina Cano,712020:13f77b23-199a-45b8-9731-69f475b9799d,,Medium,Listo,Cristhian David Urbina Cano,712020:13f77b23-199a-45b8-9731-69f475b9799d,Cristhian David Urbina Cano,712020:13f77b23-199a-45b8-9731-69f475b9799d,Cristhian David Urbina Cano,712020:13f77b23-199a-45b8-9731-69f475b9799d,28/ago/26 10:42 PM,11/sep/26 10:19 AM,,07/sep/26 11:32 AM,,0,,,Cristhian David Urbina Cano,,712020:13f77b23-199a-45b8-9731-69f475b9799d,,,,,,,,,,0|i000d3:,,,Sprint 1: Identidad,,d0f63124-99f3-4cfb-9169-db890bbc41e9,Programadores sin oficio,,{},Listo,07/sep/26 11:32 AM,10057,HOTELICA-58,HU-005 Gestionar perfil
Endpoint UPDATE usuarios restringido al owner,HOTELICA-80,10079,Subtarea,Listo,HOTELICA,Hotelica ,software,Cristhian David Urbina Cano,712020:13f77b23-199a-45b8-9731-69f475b9799d,,Medium,Listo,Edwin Ally Mercado Padilla,712020:4583d46a-0544-4a96-aaeb-68afff92ba63,Cristhian David Urbina Cano,712020:13f77b23-199a-45b8-9731-69f475b9799d,Cristhian David Urbina Cano,712020:13f77b23-199a-45b8-9731-69f475b9799d,28/ago/26 10:42 PM,11/sep/26 10:19 AM,,07/sep/26 11:32 AM,,0,,,Cristhian David Urbina Cano,,712020:13f77b23-199a-45b8-9731-69f475b9799d,,,,,,,,,,0|i000cv:,,,Sprint 1: Identidad,,d0f63124-99f3-4cfb-9169-db890bbc41e9,Programadores sin oficio,,{},Listo,07/sep/26 11:32 AM,10057,HOTELICA-58,HU-005 Gestionar perfil
Formulario edición con validación campos obligatorios,HOTELICA-79,10078,Subtarea,Listo,HOTELICA,Hotelica ,software,Cristhian David Urbina Cano,712020:13f77b23-199a-45b8-9731-69f475b9799d,,Medium,Listo,Edwin Ally Mercado Padilla,712020:4583d46a-0544-4a96-aaeb-68afff92ba63,Cristhian David Urbina Cano,712020:13f77b23-199a-45b8-9731-69f475b9799d,Cristhian David Urbina Cano,712020:13f77b23-199a-45b8-9731-69f475b9799d,28/ago/26 10:42 PM,11/sep/26 10:19 AM,,07/sep/26 11:32 AM,,0,,,Cristhian David Urbina Cano,,712020:13f77b23-199a-45b8-9731-69f475b9799d,,,,,,,,,,0|i000cn:,,,Sprint 1: Identidad,,d0f63124-99f3-4cfb-9169-db890bbc41e9,Programadores sin oficio,,{},Listo,07/sep/26 11:32 AM,10057,HOTELICA-58,HU-005 Gestionar perfil
Página perfil.html pre-cargada con datos actuales del usuario logueado,HOTELICA-78,10077,Subtarea,Listo,HOTELICA,Hotelica ,software,Cristhian David Urbina Cano,712020:13f77b23-199a-45b8-9731-69f475b9799d,,Medium,Listo,Tatiana,712020:82f33902-b415-48ab-af4f-ec7c296e06df,Cristhian David Urbina Cano,712020:13f77b23-199a-45b8-9731-69f475b9799d,Cristhian David Urbina Cano,712020:13f77b23-199a-45b8-9731-69f475b9799d,28/ago/26 10:42 PM,11/sep/26 10:19 AM,,07/sep/26 11:32 AM,,0,,,Cristhian David Urbina Cano,,712020:13f77b23-199a-45b8-9731-69f475b9799d,,,,,,,,,,0|i000cf:,,,Sprint 1: Identidad,,d0f63124-99f3-4cfb-9169-db890bbc41e9,Programadores sin oficio,,{},Listo,07/sep/26 11:32 AM,10057,HOTELICA-58,HU-005 Gestionar perfil
Confirmación visual de cierre exitoso,HOTELICA-77,10076,Subtarea,Listo,HOTELICA,Hotelica ,software,Cristhian David Urbina Cano,712020:13f77b23-199a-45b8-9731-69f475b9799d,,Medium,Listo,Cristhian David Urbina Cano,712020:13f77b23-199a-45b8-9731-69f475b9799d,Cristhian David Urbina Cano,712020:13f77b23-199a-45b8-9731-69f475b9799d,Cristhian David Urbina Cano,712020:13f77b23-199a-45b8-9731-69f475b9799d,28/ago/26 10:39 PM,03/sep/26 6:29 PM,,03/sep/26 6:29 PM,,0,,,Cristhian David Urbina Cano,,712020:13f77b23-199a-45b8-9731-69f475b9799d,,,,,,,,,,0|i000c7:,,,Sprint 1: Identidad,,d0f63124-99f3-4cfb-9169-db890bbc41e9,Programadores sin oficio,,{},Listo,03/sep/26 6:29 PM,10056,HOTELICA-57,HU-003 Cerrar sesión
Validar que rutas protegidas bloqueen acceso post-logout,HOTELICA-76,10075,Subtarea,Listo,HOTELICA,Hotelica ,software,Cristhian David Urbina Cano,712020:13f77b23-199a-45b8-9731-69f475b9799d,,Medium,Listo,Cristhian David Urbina Cano,712020:13f77b23-199a-45b8-9731-69f475b9799d,Cristhian David Urbina Cano,712020:13f77b23-199a-45b8-9731-69f475b9799d,Cristhian David Urbina Cano,712020:13f77b23-199a-45b8-9731-69f475b9799d,28/ago/26 10:38 PM,03/sep/26 6:29 PM,,03/sep/26 6:29 PM,,0,,,Cristhian David Urbina Cano,,712020:13f77b23-199a-45b8-9731-69f475b9799d,,,,,,,,,,0|i000bz:,,,Sprint 1: Identidad,,d0f63124-99f3-4cfb-9169-db890bbc41e9,Programadores sin oficio,,{},Listo,03/sep/26 6:29 PM,10056,HOTELICA-57,HU-003 Cerrar sesión
Redirect forzado a /login tras logout,HOTELICA-75,10074,Subtarea,Listo,HOTELICA,Hotelica ,software,Cristhian David Urbina Cano,712020:13f77b23-199a-45b8-9731-69f475b9799d,,Medium,Listo,Cristhian David Urbina Cano,712020:13f77b23-199a-45b8-9731-69f475b9799d,Cristhian David Urbina Cano,712020:13f77b23-199a-45b8-9731-69f475b9799d,Cristhian David Urbina Cano,712020:13f77b23-199a-45b8-9731-69f475b9799d,28/ago/26 10:38 PM,03/sep/26 6:29 PM,,03/sep/26 6:29 PM,,0,,,Cristhian David Urbina Cano,,712020:13f77b23-199a-45b8-9731-69f475b9799d,,,,,,,,,,0|i000br:,,,Sprint 1: Identidad,,d0f63124-99f3-4cfb-9169-db890bbc41e9,Programadores sin oficio,,{},Listo,03/sep/26 6:29 PM,10056,HOTELICA-57,HU-003 Cerrar sesión
Función JS para destruir cookie/token/localStorage,HOTELICA-74,10073,Subtarea,Listo,HOTELICA,Hotelica ,software,Cristhian David Urbina Cano,712020:13f77b23-199a-45b8-9731-69f475b9799d,,Medium,Listo,Cristhian David Urbina Cano,712020:13f77b23-199a-45b8-9731-69f475b9799d,Cristhian David Urbina Cano,712020:13f77b23-199a-45b8-9731-69f475b9799d,Cristhian David Urbina Cano,712020:13f77b23-199a-45b8-9731-69f475b9799d,28/ago/26 10:38 PM,03/sep/26 6:29 PM,,03/sep/26 6:29 PM,,0,,,Cristhian David Urbina Cano,,712020:13f77b23-199a-45b8-9731-69f475b9799d,,,,,,,,,,0|i000bj:,,,Sprint 1: Identidad,,d0f63124-99f3-4cfb-9169-db890bbc41e9,Programadores sin oficio,,{},Listo,03/sep/26 6:29 PM,10056,HOTELICA-57,HU-003 Cerrar sesión
Botón/link logout visible en navbar principal,HOTELICA-73,10072,Subtarea,Listo,HOTELICA,Hotelica ,software,Cristhian David Urbina Cano,712020:13f77b23-199a-45b8-9731-69f475b9799d,,Medium,Listo,Cristhian David Urbina Cano,712020:13f77b23-199a-45b8-9731-69f475b9799d,Cristhian David Urbina Cano,712020:13f77b23-199a-45b8-9731-69f475b9799d,Cristhian David Urbina Cano,712020:13f77b23-199a-45b8-9731-69f475b9799d,28/ago/26 10:38 PM,03/sep/26 6:29 PM,,03/sep/26 6:29 PM,,0,,,Cristhian David Urbina Cano,,712020:13f77b23-199a-45b8-9731-69f475b9799d,,,,,,,,,,0|i000bb:,,,Sprint 1: Identidad,,d0f63124-99f3-4cfb-9169-db890bbc41e9,Programadores sin oficio,,{},Listo,03/sep/26 6:29 PM,10056,HOTELICA-57,HU-003 Cerrar sesión
Validar protección de rutas privadas post-login,HOTELICA-72,10071,Subtarea,Listo,HOTELICA,Hotelica ,software,Cristhian David Urbina Cano,712020:13f77b23-199a-45b8-9731-69f475b9799d,,Medium,Listo,Cristhian David Urbina Cano,712020:13f77b23-199a-45b8-9731-69f475b9799d,Cristhian David Urbina Cano,712020:13f77b23-199a-45b8-9731-69f475b9799d,Cristhian David Urbina Cano,712020:13f77b23-199a-45b8-9731-69f475b9799d,28/ago/26 10:34 PM,02/sep/26 11:29 PM,,02/sep/26 11:29 PM,,0,,,Cristhian David Urbina Cano,,712020:13f77b23-199a-45b8-9731-69f475b9799d,,,,,,,,,,0|i000b3:,,,Sprint 1: Identidad,,d0f63124-99f3-4cfb-9169-db890bbc41e9,Programadores sin oficio,,{},Listo,02/sep/26 11:29 PM,10055,HOTELICA-56,HU-002 Iniciar sesión
"Mensaje error genérico seguro (""Credenciales inválidas"") sin revelar existencia de usuario",HOTELICA-71,10070,Subtarea,Listo,HOTELICA,Hotelica ,software,Cristhian David Urbina Cano,712020:13f77b23-199a-45b8-9731-69f475b9799d,,Medium,Listo,Cristhian David Urbina Cano,712020:13f77b23-199a-45b8-9731-69f475b9799d,Cristhian David Urbina Cano,712020:13f77b23-199a-45b8-9731-69f475b9799d,Cristhian David Urbina Cano,712020:13f77b23-199a-45b8-9731-69f475b9799d,28/ago/26 10:33 PM,02/sep/26 11:29 PM,,02/sep/26 11:29 PM,,0,,,Cristhian David Urbina Cano,,712020:13f77b23-199a-45b8-9731-69f475b9799d,,,,,,,,,,0|i000av:,,,Sprint 1: Identidad,,d0f63124-99f3-4cfb-9169-db890bbc41e9,Programadores sin oficio,,{},Listo,02/sep/26 11:29 PM,10055,HOTELICA-56,HU-002 Iniciar sesión
Redirección condicional por rol tras login exitoso,HOTELICA-70,10069,Subtarea,Listo,HOTELICA,Hotelica ,software,Cristhian David Urbina Cano,712020:13f77b23-199a-45b8-9731-69f475b9799d,,Medium,Listo,Cristhian David Urbina Cano,712020:13f77b23-199a-45b8-9731-69f475b9799d,Cristhian David Urbina Cano,712020:13f77b23-199a-45b8-9731-69f475b9799d,Cristhian David Urbina Cano,712020:13f77b23-199a-45b8-9731-69f475b9799d,28/ago/26 10:33 PM,02/sep/26 11:29 PM,,02/sep/26 11:29 PM,,0,,,Cristhian David Urbina Cano,,712020:13f77b23-199a-45b8-9731-69f475b9799d,,,,,,,,,,0|i000an:,,,Sprint 1: Identidad,,d0f63124-99f3-4cfb-9169-db890bbc41e9,Programadores sin oficio,,{},Listo,02/sep/26 11:29 PM,10055,HOTELICA-56,HU-002 Iniciar sesión
Generar/guardar token de sesión o cookie segura,HOTELICA-69,10068,Subtarea,Listo,HOTELICA,Hotelica ,software,Cristhian David Urbina Cano,712020:13f77b23-199a-45b8-9731-69f475b9799d,,Medium,Listo,Cristhian David Urbina Cano,712020:13f77b23-199a-45b8-9731-69f475b9799d,Cristhian David Urbina Cano,712020:13f77b23-199a-45b8-9731-69f475b9799d,Cristhian David Urbina Cano,712020:13f77b23-199a-45b8-9731-69f475b9799d,28/ago/26 10:33 PM,02/sep/26 11:29 PM,,02/sep/26 11:29 PM,,0,,,Cristhian David Urbina Cano,,712020:13f77b23-199a-45b8-9731-69f475b9799d,,,,,,,,,,0|i000af:,,,Sprint 1: Identidad,,d0f63124-99f3-4cfb-9169-db890bbc41e9,Programadores sin oficio,,{},Listo,02/sep/26 11:29 PM,10055,HOTELICA-56,HU-002 Iniciar sesión
Lógica SELECT usuario + verify password contra BD,HOTELICA-68,10067,Subtarea,Listo,HOTELICA,Hotelica ,software,Cristhian David Urbina Cano,712020:13f77b23-199a-45b8-9731-69f475b9799d,,Medium,Listo,Cristhian David Urbina Cano,712020:13f77b23-199a-45b8-9731-69f475b9799d,Cristhian David Urbina Cano,712020:13f77b23-199a-45b8-9731-69f475b9799d,Cristhian David Urbina Cano,712020:13f77b23-199a-45b8-9731-69f475b9799d,28/ago/26 10:33 PM,02/sep/26 11:28 PM,,02/sep/26 11:28 PM,,0,,,Cristhian David Urbina Cano,,712020:13f77b23-199a-45b8-9731-69f475b9799d,,,,,,,,,,0|i000a7:,,,Sprint 1: Identidad,,d0f63124-99f3-4cfb-9169-db890bbc41e9,Programadores sin oficio,,{},Listo,02/sep/26 11:28 PM,10055,HOTELICA-56,HU-002 Iniciar sesión
Diseñar formulario login responsive,HOTELICA-67,10066,Subtarea,Listo,HOTELICA,Hotelica ,software,Cristhian David Urbina Cano,712020:13f77b23-199a-45b8-9731-69f475b9799d,,Medium,Listo,Cristhian David Urbina Cano,712020:13f77b23-199a-45b8-9731-69f475b9799d,Cristhian David Urbina Cano,712020:13f77b23-199a-45b8-9731-69f475b9799d,Cristhian David Urbina Cano,712020:13f77b23-199a-45b8-9731-69f475b9799d,28/ago/26 10:32 PM,02/sep/26 11:28 PM,,02/sep/26 11:28 PM,,0,,,Cristhian David Urbina Cano,,712020:13f77b23-199a-45b8-9731-69f475b9799d,,,,,,,,,,0|i0009z:,,,Sprint 1: Identidad,,d0f63124-99f3-4cfb-9169-db890bbc41e9,Programadores sin oficio,,{},Listo,02/sep/26 11:28 PM,10055,HOTELICA-56,HU-002 Iniciar sesión
Actualizar CHANGELOG.md tras implementación,HOTELICA-66,10065,Subtarea,Listo,HOTELICA,Hotelica ,software,Cristhian David Urbina Cano,712020:13f77b23-199a-45b8-9731-69f475b9799d,,Medium,Listo,Tatiana,712020:82f33902-b415-48ab-af4f-ec7c296e06df,Cristhian David Urbina Cano,712020:13f77b23-199a-45b8-9731-69f475b9799d,Cristhian David Urbina Cano,712020:13f77b23-199a-45b8-9731-69f475b9799d,28/ago/26 10:30 PM,02/sep/26 11:18 PM,,02/sep/26 11:18 PM,,0,,,Cristhian David Urbina Cano,,712020:13f77b23-199a-45b8-9731-69f475b9799d,,,,,,,,,,0|i0009r:,,,Sprint 1: Identidad,,d0f63124-99f3-4cfb-9169-db890bbc41e9,Programadores sin oficio,,{},Listo,02/sep/26 11:18 PM,10054,HOTELICA-55,HU-001 Registrarse en la plataforma
Prueba unitaria de hashing y prevención de registros duplicados,HOTELICA-65,10064,Subtarea,Listo,HOTELICA,Hotelica ,software,Cristhian David Urbina Cano,712020:13f77b23-199a-45b8-9731-69f475b9799d,,Medium,Listo,Tatiana,712020:82f33902-b415-48ab-af4f-ec7c296e06df,Cristhian David Urbina Cano,712020:13f77b23-199a-45b8-9731-69f475b9799d,Cristhian David Urbina Cano,712020:13f77b23-199a-45b8-9731-69f475b9799d,28/ago/26 10:30 PM,02/sep/26 11:18 PM,,02/sep/26 11:18 PM,,0,,,Cristhian David Urbina Cano,,712020:13f77b23-199a-45b8-9731-69f475b9799d,,,,,,,,,,0|i0009j:,,,Sprint 1: Identidad,,d0f63124-99f3-4cfb-9169-db890bbc41e9,Programadores sin oficio,,{},Listo,02/sep/26 11:18 PM,10054,HOTELICA-55,HU-001 Registrarse en la plataforma
"Manejar error de ""correo duplicado"" con mensaje claro al usuario",HOTELICA-64,10063,Subtarea,Listo,HOTELICA,Hotelica ,software,Cristhian David Urbina Cano,712020:13f77b23-199a-45b8-9731-69f475b9799d,,Medium,Listo,Tatiana,712020:82f33902-b415-48ab-af4f-ec7c296e06df,Cristhian David Urbina Cano,712020:13f77b23-199a-45b8-9731-69f475b9799d,Cristhian David Urbina Cano,712020:13f77b23-199a-45b8-9731-69f475b9799d,28/ago/26 10:30 PM,02/sep/26 11:18 PM,,02/sep/26 11:18 PM,,0,,,Cristhian David Urbina Cano,,712020:13f77b23-199a-45b8-9731-69f475b9799d,,,,,,,,,,0|i0009b:,,,Sprint 1: Identidad,,d0f63124-99f3-4cfb-9169-db890bbc41e9,Programadores sin oficio,,{},Listo,02/sep/26 11:18 PM,10054,HOTELICA-55,HU-001 Registrarse en la plataforma
Crear endpoint/lógica INSERT en tabla usuarios con hashing seguro (bcrypt/argon2),HOTELICA-63,10062,Subtarea,Listo,HOTELICA,Hotelica ,software,Cristhian David Urbina Cano,712020:13f77b23-199a-45b8-9731-69f475b9799d,,Medium,Listo,Tatiana,712020:82f33902-b415-48ab-af4f-ec7c296e06df,Cristhian David Urbina Cano,712020:13f77b23-199a-45b8-9731-69f475b9799d,Cristhian David Urbina Cano,712020:13f77b23-199a-45b8-9731-69f475b9799d,28/ago/26 10:30 PM,02/sep/26 11:06 PM,,02/sep/26 11:06 PM,,0,,,Cristhian David Urbina Cano,,712020:13f77b23-199a-45b8-9731-69f475b9799d,,,,,,,,,,0|i00093:,,,Sprint 1: Identidad,,d0f63124-99f3-4cfb-9169-db890bbc41e9,Programadores sin oficio,,{},Listo,02/sep/26 11:06 PM,10054,HOTELICA-55,HU-001 Registrarse en la plataforma
"Implementar validación frontend con JS (regex email, min 8 caracteres, coincidencia contraseñas)",HOTELICA-62,10061,Subtarea,Listo,HOTELICA,Hotelica ,software,Cristhian David Urbina Cano,712020:13f77b23-199a-45b8-9731-69f475b9799d,,Medium,Listo,Tatiana,712020:82f33902-b415-48ab-af4f-ec7c296e06df,Cristhian David Urbina Cano,712020:13f77b23-199a-45b8-9731-69f475b9799d,Cristhian David Urbina Cano,712020:13f77b23-199a-45b8-9731-69f475b9799d,28/ago/26 10:30 PM,02/sep/26 11:05 PM,,02/sep/26 11:05 PM,,0,,,Cristhian David Urbina Cano,,712020:13f77b23-199a-45b8-9731-69f475b9799d,,,,,,,,,,0|i0008v:,,,Sprint 1: Identidad,,d0f63124-99f3-4cfb-9169-db890bbc41e9,Programadores sin oficio,,{},Listo,02/sep/26 11:05 PM,10054,HOTELICA-55,HU-001 Registrarse en la plataforma
"Diseñar formulario HTML/CSS de registro (nombre, correo, contraseña, confirmar contraseña)",HOTELICA-61,10060,Subtarea,Listo,HOTELICA,Hotelica ,software,Cristhian David Urbina Cano,712020:13f77b23-199a-45b8-9731-69f475b9799d,,Medium,Listo,Tatiana,712020:82f33902-b415-48ab-af4f-ec7c296e06df,Cristhian David Urbina Cano,712020:13f77b23-199a-45b8-9731-69f475b9799d,Cristhian David Urbina Cano,712020:13f77b23-199a-45b8-9731-69f475b9799d,28/ago/26 10:29 PM,02/sep/26 11:05 PM,,02/sep/26 11:05 PM,,0,,,Cristhian David Urbina Cano,,712020:13f77b23-199a-45b8-9731-69f475b9799d,,,,,,,,,,0|i0008n:,,,Sprint 1: Identidad,,d0f63124-99f3-4cfb-9169-db890bbc41e9,Programadores sin oficio,,{},Listo,02/sep/26 11:05 PM,10054,HOTELICA-55,HU-001 Registrarse en la plataforma
S1-BUF Buffer Técnico / Imprevistos,HOTELICA-60,10059,Tarea,Listo,HOTELICA,Hotelica ,software,Cristhian David Urbina Cano,712020:13f77b23-199a-45b8-9731-69f475b9799d,,Medium,Listo,Edwin Ally Mercado Padilla,712020:4583d46a-0544-4a96-aaeb-68afff92ba63,Cristhian David Urbina Cano,712020:13f77b23-199a-45b8-9731-69f475b9799d,Cristhian David Urbina Cano,712020:13f77b23-199a-45b8-9731-69f475b9799d,28/ago/26 10:23 PM,07/sep/26 9:59 PM,,07/sep/26 9:59 PM,,0,"*Como* equipo de desarrollo, *quiero* tener un espacio reservado para imprevistos técnicos, *para* absorber retrasos en configuración de Supabase/BD sin comprometer la entrega del sprint.",,Cristhian David Urbina Cano,,712020:13f77b23-199a-45b8-9731-69f475b9799d,,,,,,,,,,0|i0008f:,,,Sprint 1: Identidad,,d0f63124-99f3-4cfb-9169-db890bbc41e9,Programadores sin oficio,,{},Listo,07/sep/26 9:59 PM,,,
HU-004 Recuperar contraseña,HOTELICA-59,10058,Historia,Listo,HOTELICA,Hotelica ,software,Cristhian David Urbina Cano,712020:13f77b23-199a-45b8-9731-69f475b9799d,,Medium,Listo,Edwin Ally Mercado Padilla,712020:4583d46a-0544-4a96-aaeb-68afff92ba63,Cristhian David Urbina Cano,712020:13f77b23-199a-45b8-9731-69f475b9799d,Cristhian David Urbina Cano,712020:13f77b23-199a-45b8-9731-69f475b9799d,28/ago/26 10:23 PM,07/sep/26 11:32 AM,04/sep/26 10:21 AM,07/sep/26 11:32 AM,,0,"*Como* usuario que olvidó su contraseña, *quiero* solicitar la recuperación mediante mi correo registrado, *para* restablecer el acceso a mi cuenta de forma segura.",,Cristhian David Urbina Cano,,712020:13f77b23-199a-45b8-9731-69f475b9799d,,,,,,,,,,0|i00087:,,,Sprint 1: Identidad,,d0f63124-99f3-4cfb-9169-db890bbc41e9,Programadores sin oficio,,{},Listo,07/sep/26 11:32 AM,,,
HU-005 Gestionar perfil,HOTELICA-58,10057,Historia,Listo,HOTELICA,Hotelica ,software,Cristhian David Urbina Cano,712020:13f77b23-199a-45b8-9731-69f475b9799d,,Medium,Listo,Tatiana,712020:82f33902-b415-48ab-af4f-ec7c296e06df,Cristhian David Urbina Cano,712020:13f77b23-199a-45b8-9731-69f475b9799d,Cristhian David Urbina Cano,712020:13f77b23-199a-45b8-9731-69f475b9799d,28/ago/26 10:22 PM,07/sep/26 11:32 AM,,07/sep/26 11:32 AM,,0,"*Como* usuario autenticado, *quiero* editar mis datos personales como nombre, teléfono y dirección, *para* mantener mi información actualizada en la plataforma.",,Cristhian David Urbina Cano,,712020:13f77b23-199a-45b8-9731-69f475b9799d,,,,,,,,,,0|i0007z:,,,Sprint 1: Identidad,,d0f63124-99f3-4cfb-9169-db890bbc41e9,Programadores sin oficio,,{},Listo,07/sep/26 11:32 AM,,,
HU-003 Cerrar sesión,HOTELICA-57,10056,Historia,Listo,HOTELICA,Hotelica ,software,Cristhian David Urbina Cano,712020:13f77b23-199a-45b8-9731-69f475b9799d,,Medium,Listo,Cristhian David Urbina Cano,712020:13f77b23-199a-45b8-9731-69f475b9799d,Cristhian David Urbina Cano,712020:13f77b23-199a-45b8-9731-69f475b9799d,Cristhian David Urbina Cano,712020:13f77b23-199a-45b8-9731-69f475b9799d,28/ago/26 10:22 PM,03/sep/26 6:29 PM,,03/sep/26 6:29 PM,,0,"*Como* usuario autenticado, *quiero* cerrar mi sesión activa, *para* proteger mi cuenta cuando no estoy usando la plataforma.",,Cristhian David Urbina Cano,,712020:13f77b23-199a-45b8-9731-69f475b9799d,,,,,,,,,,0|i0007r:,,,Sprint 1: Identidad,,d0f63124-99f3-4cfb-9169-db890bbc41e9,Programadores sin oficio,,{},Listo,03/sep/26 6:29 PM,,,
HU-002 Iniciar sesión,HOTELICA-56,10055,Historia,Listo,HOTELICA,Hotelica ,software,Cristhian David Urbina Cano,712020:13f77b23-199a-45b8-9731-69f475b9799d,,Medium,Listo,Cristhian David Urbina Cano,712020:13f77b23-199a-45b8-9731-69f475b9799d,Cristhian David Urbina Cano,712020:13f77b23-199a-45b8-9731-69f475b9799d,Cristhian David Urbina Cano,712020:13f77b23-199a-45b8-9731-69f475b9799d,28/ago/26 10:22 PM,02/sep/26 11:29 PM,,02/sep/26 11:29 PM,,0,"*Como* usuario registrado, *quiero* iniciar sesión con mi correo y contraseña, *para* acceder a las funciones protegidas según mi rol (turista/hotel/admin).",,Cristhian David Urbina Cano,,712020:13f77b23-199a-45b8-9731-69f475b9799d,,,,,,,,,,0|i0007j:,,,Sprint 1: Identidad,,d0f63124-99f3-4cfb-9169-db890bbc41e9,Programadores sin oficio,,{},Listo,02/sep/26 11:29 PM,,,
HU-001 Registrarse en la plataforma,HOTELICA-55,10054,Historia,Listo,HOTELICA,Hotelica ,software,Cristhian David Urbina Cano,712020:13f77b23-199a-45b8-9731-69f475b9799d,,Medium,Listo,Tatiana,712020:82f33902-b415-48ab-af4f-ec7c296e06df,Cristhian David Urbina Cano,712020:13f77b23-199a-45b8-9731-69f475b9799d,Cristhian David Urbina Cano,712020:13f77b23-199a-45b8-9731-69f475b9799d,28/ago/26 9:50 PM,02/sep/26 11:18 PM,,02/sep/26 11:18 PM,,0,"*Como* turista o administrador de hotel, *quiero* registrarme en la plataforma proporcionando mis datos personales básicos, *para* poder acceder a las funcionalidades del sistema según mi rol asignado.",,Cristhian David Urbina Cano,,712020:13f77b23-199a-45b8-9731-69f475b9799d,,,,,,,,,,0|i0007b:,,,Sprint 1: Identidad,,d0f63124-99f3-4cfb-9169-db890bbc41e9,Programadores sin oficio,,{},Listo,02/sep/26 11:18 PM,,,
Implementar triggers y tabla de auditoría,HOTELICA-41,10040,Subtarea,Listo,HOTELICA,Hotelica ,software,Cristhian David Urbina Cano,712020:13f77b23-199a-45b8-9731-69f475b9799d,,Medium,Listo,Edwin Ally Mercado Padilla,712020:4583d46a-0544-4a96-aaeb-68afff92ba63,Cristhian David Urbina Cano,712020:13f77b23-199a-45b8-9731-69f475b9799d,Cristhian David Urbina Cano,712020:13f77b23-199a-45b8-9731-69f475b9799d,16/ago/26 1:08 PM,11/sep/26 10:18 AM,,24/ago/26 1:25 PM,,0,"Crear el mecanismo de auditoría para registrar inserciones y actualizaciones, almacenando al menos tabla afectada, operación, usuario y fecha/hora del cambio.",,Cristhian David Urbina Cano,,712020:13f77b23-199a-45b8-9731-69f475b9799d,,,,,,,,,,0|i00073:,,,Sprint 0 · Base de datos,,,,,{},Listo,24/ago/26 1:25 PM,10015,HOTELICA-16,"Crear tablas intermedias, vistas y triggers (auditoría/validación)"
Crear las vistas requeridas para consultas del sistema,HOTELICA-40,10038,Subtarea,Listo,HOTELICA,Hotelica ,software,Cristhian David Urbina Cano,712020:13f77b23-199a-45b8-9731-69f475b9799d,,Medium,Listo,Tatiana,712020:82f33902-b415-48ab-af4f-ec7c296e06df,Cristhian David Urbina Cano,712020:13f77b23-199a-45b8-9731-69f475b9799d,Cristhian David Urbina Cano,712020:13f77b23-199a-45b8-9731-69f475b9799d,16/ago/26 1:08 PM,11/sep/26 10:18 AM,,24/ago/26 1:24 PM,,0,"Implementar las 2 vistas del esquema para exponer información consolidada a las interfaces, asegurando que reflejen correctamente las relaciones entre las tablas creadas.",,Cristhian David Urbina Cano,,712020:13f77b23-199a-45b8-9731-69f475b9799d,,,,,,,,,,0|i0006v:,,,Sprint 0 · Base de datos,,,,,{},Listo,24/ago/26 1:24 PM,10015,HOTELICA-16,"Crear tablas intermedias, vistas y triggers (auditoría/validación)"
Implementar triggers de validación de datos,HOTELICA-39,10039,Subtarea,Listo,HOTELICA,Hotelica ,software,Cristhian David Urbina Cano,712020:13f77b23-199a-45b8-9731-69f475b9799d,,Medium,Listo,Edwin Ally Mercado Padilla,712020:4583d46a-0544-4a96-aaeb-68afff92ba63,Cristhian David Urbina Cano,712020:13f77b23-199a-45b8-9731-69f475b9799d,Cristhian David Urbina Cano,712020:13f77b23-199a-45b8-9731-69f475b9799d,16/ago/26 1:08 PM,11/sep/26 10:18 AM,,24/ago/26 1:24 PM,,0,"Crear los triggers y funciones necesarias para validar reglas de negocio en PostgreSQL, incluyendo rechazo de cédulas inválidas y de reservas donde la salida sea menor o igual a la llegada.",,Cristhian David Urbina Cano,,712020:13f77b23-199a-45b8-9731-69f475b9799d,,,,,,,,,,0|i0006n:,,,Sprint 0 · Base de datos,,,,,{},Listo,24/ago/26 1:24 PM,10015,HOTELICA-16,"Crear tablas intermedias, vistas y triggers (auditoría/validación)"
Crear tablas intermedias y relaciones normalizadas,HOTELICA-38,10037,Subtarea,Listo,HOTELICA,Hotelica ,software,Cristhian David Urbina Cano,712020:13f77b23-199a-45b8-9731-69f475b9799d,,Medium,Listo,Tatiana,712020:82f33902-b415-48ab-af4f-ec7c296e06df,Cristhian David Urbina Cano,712020:13f77b23-199a-45b8-9731-69f475b9799d,Cristhian David Urbina Cano,712020:13f77b23-199a-45b8-9731-69f475b9799d,16/ago/26 1:08 PM,11/sep/26 10:18 AM,,24/ago/26 1:24 PM,,0,"Definir e implementar las tablas intermedias necesarias del esquema relacional en Supabase, junto con sus claves foráneas, cardinalidades y restricciones base para mantener la normalización de los datos.",,Cristhian David Urbina Cano,,712020:13f77b23-199a-45b8-9731-69f475b9799d,,,,,,,,,,0|i0006f:,,,Sprint 0 · Base de datos,,,,,{},Listo,24/ago/26 1:24 PM,10015,HOTELICA-16,"Crear tablas intermedias, vistas y triggers (auditoría/validación)"
Crear el seed del IVA del 15%,HOTELICA-37,10035,Subtarea,Listo,HOTELICA,Hotelica ,software,Cristhian David Urbina Cano,712020:13f77b23-199a-45b8-9731-69f475b9799d,,Medium,Listo,Tatiana,712020:82f33902-b415-48ab-af4f-ec7c296e06df,Cristhian David Urbina Cano,712020:13f77b23-199a-45b8-9731-69f475b9799d,Cristhian David Urbina Cano,712020:13f77b23-199a-45b8-9731-69f475b9799d,16/ago/26 1:06 PM,11/sep/26 10:18 AM,,24/ago/26 1:28 PM,,0,Registrar el valor de IVA por defecto del 15% en el catálogo o configuración correspondiente para su uso por la aplicación.,,Cristhian David Urbina Cano,,712020:13f77b23-199a-45b8-9731-69f475b9799d,,,,,,,,,,0|i0005z:,,,Sprint 0 · Base de datos,,,,,{},Listo,24/ago/26 1:28 PM,10013,HOTELICA-14,"Crear catálogos y seeds (roles, 17 departamentos, IVA 15%)"
Cargar los 17 departamentos en la tabla catálogo,HOTELICA-36,10036,Subtarea,Listo,HOTELICA,Hotelica ,software,Cristhian David Urbina Cano,712020:13f77b23-199a-45b8-9731-69f475b9799d,,Medium,Listo,Cristhian David Urbina Cano,712020:13f77b23-199a-45b8-9731-69f475b9799d,Cristhian David Urbina Cano,712020:13f77b23-199a-45b8-9731-69f475b9799d,Cristhian David Urbina Cano,712020:13f77b23-199a-45b8-9731-69f475b9799d,16/ago/26 1:06 PM,11/sep/26 10:18 AM,,24/ago/26 1:28 PM,,0,Preparar el seed con los 17 departamentos requeridos para que queden disponibles al ejecutar el script de base de datos.,,Cristhian David Urbina Cano,,712020:13f77b23-199a-45b8-9731-69f475b9799d,,,,,,,,,,0|i00067:,,,Sprint 0 · Base de datos,,,,,{},Listo,24/ago/26 1:28 PM,10013,HOTELICA-14,"Crear catálogos y seeds (roles, 17 departamentos, IVA 15%)"
Validar el orden de ejecución de catálogos y seeds,HOTELICA-35,10034,Subtarea,Listo,HOTELICA,Hotelica ,software,Cristhian David Urbina Cano,712020:13f77b23-199a-45b8-9731-69f475b9799d,,Medium,Listo,Edwin Ally Mercado Padilla,712020:4583d46a-0544-4a96-aaeb-68afff92ba63,Cristhian David Urbina Cano,712020:13f77b23-199a-45b8-9731-69f475b9799d,Cristhian David Urbina Cano,712020:13f77b23-199a-45b8-9731-69f475b9799d,16/ago/26 1:06 PM,11/sep/26 10:18 AM,,24/ago/26 1:28 PM,,0,Asegurar que los inserts de catálogos se ejecuten después de crear las tablas dependientes y sin romper las restricciones del script completo.,,Cristhian David Urbina Cano,,712020:13f77b23-199a-45b8-9731-69f475b9799d,,,,,,,,,,0|i0005r:,,,Sprint 0 · Base de datos,,,,,{},Listo,24/ago/26 1:28 PM,10013,HOTELICA-14,"Crear catálogos y seeds (roles, 17 departamentos, IVA 15%)"
Crear catálogo y seed de roles,HOTELICA-34,10033,Subtarea,Listo,HOTELICA,Hotelica ,software,Cristhian David Urbina Cano,712020:13f77b23-199a-45b8-9731-69f475b9799d,,Medium,Listo,Edwin Ally Mercado Padilla,712020:4583d46a-0544-4a96-aaeb-68afff92ba63,Cristhian David Urbina Cano,712020:13f77b23-199a-45b8-9731-69f475b9799d,Cristhian David Urbina Cano,712020:13f77b23-199a-45b8-9731-69f475b9799d,16/ago/26 1:06 PM,11/sep/26 10:18 AM,,24/ago/26 1:28 PM,,0,Definir la tabla/catálogo de roles y preparar los inserts iniciales necesarios para el esquema de Hotelica.,,Cristhian David Urbina Cano,,712020:13f77b23-199a-45b8-9731-69f475b9799d,,,,,,,,,,0|i0005j:,,,Sprint 0 · Base de datos,,,,,{},Listo,24/ago/26 1:28 PM,10013,HOTELICA-14,"Crear catálogos y seeds (roles, 17 departamentos, IVA 15%)"
Preparar el script SQL inicial para creación de tablas,HOTELICA-33,10032,Subtarea,Listo,HOTELICA,Hotelica ,software,Cristhian David Urbina Cano,712020:13f77b23-199a-45b8-9731-69f475b9799d,,Medium,Listo,Cristhian David Urbina Cano,712020:13f77b23-199a-45b8-9731-69f475b9799d,Cristhian David Urbina Cano,712020:13f77b23-199a-45b8-9731-69f475b9799d,Cristhian David Urbina Cano,712020:13f77b23-199a-45b8-9731-69f475b9799d,16/ago/26 1:04 PM,11/sep/26 10:18 AM,,24/ago/26 1:24 PM,,0,"Organizar el archivo supabase-hotelica.sql con el orden correcto de creación de tablas principales, dependencias y restricciones para que ejecute sin errores.",,Cristhian David Urbina Cano,,712020:13f77b23-199a-45b8-9731-69f475b9799d,,,,,,,,,,0|i0005b:,,,Sprint 0 · Base de datos,,,,,{},Listo,24/ago/26 1:24 PM,10014,HOTELICA-15,Crear tablas principales con restricciones estrictas
Definir e implementar los tipos ENUM requeridos,HOTELICA-32,10031,Subtarea,Listo,HOTELICA,Hotelica ,software,Cristhian David Urbina Cano,712020:13f77b23-199a-45b8-9731-69f475b9799d,,Medium,Listo,Edwin Ally Mercado Padilla,712020:4583d46a-0544-4a96-aaeb-68afff92ba63,Cristhian David Urbina Cano,712020:13f77b23-199a-45b8-9731-69f475b9799d,Cristhian David Urbina Cano,712020:13f77b23-199a-45b8-9731-69f475b9799d,16/ago/26 1:04 PM,11/sep/26 10:18 AM,,24/ago/26 1:24 PM,,0,"Crear los ENUM necesarios para estados y categorías del modelo relacional, y asociarlos correctamente a las columnas correspondientes.",,Cristhian David Urbina Cano,,712020:13f77b23-199a-45b8-9731-69f475b9799d,,,,,,,,,,0|i00053:,,,Sprint 0 · Base de datos,,,,,{},Listo,24/ago/26 1:24 PM,10014,HOTELICA-15,Crear tablas principales con restricciones estrictas
Diseñar el esquema lógico de las tablas principales,HOTELICA-31,10029,Subtarea,Listo,HOTELICA,Hotelica ,software,Cristhian David Urbina Cano,712020:13f77b23-199a-45b8-9731-69f475b9799d,,Medium,Listo,Edwin Ally Mercado Padilla,712020:4583d46a-0544-4a96-aaeb-68afff92ba63,Cristhian David Urbina Cano,712020:13f77b23-199a-45b8-9731-69f475b9799d,Cristhian David Urbina Cano,712020:13f77b23-199a-45b8-9731-69f475b9799d,16/ago/26 1:04 PM,11/sep/26 10:18 AM,,24/ago/26 1:24 PM,,0,"Definir las entidades base del modelo relacional para Hotelica y sus relaciones, identificando claves primarias, foráneas y cardinalidades antes de implementar el script SQL.",,Cristhian David Urbina Cano,,712020:13f77b23-199a-45b8-9731-69f475b9799d,,,,,,,,,,0|i0004v:,,,Sprint 0 · Base de datos,,,,,{},Listo,24/ago/26 1:24 PM,10014,HOTELICA-15,Crear tablas principales con restricciones estrictas
Crear las tablas maestras con claves primarias y relaciones,HOTELICA-30,10030,Subtarea,Listo,HOTELICA,Hotelica ,software,Cristhian David Urbina Cano,712020:13f77b23-199a-45b8-9731-69f475b9799d,,Medium,Listo,Tatiana,712020:82f33902-b415-48ab-af4f-ec7c296e06df,Cristhian David Urbina Cano,712020:13f77b23-199a-45b8-9731-69f475b9799d,Cristhian David Urbina Cano,712020:13f77b23-199a-45b8-9731-69f475b9799d,16/ago/26 1:04 PM,11/sep/26 10:18 AM,,24/ago/26 1:24 PM,,0,"Implementar en Supabase/PostgreSQL las tablas principales del dominio con sus columnas esenciales y relaciones entre entidades, asegurando una estructura normalizada.",,Cristhian David Urbina Cano,,712020:13f77b23-199a-45b8-9731-69f475b9799d,,,,,,,,,,0|i0004n:,,,Sprint 0 · Base de datos,,,,,{},Listo,24/ago/26 1:24 PM,10014,HOTELICA-15,Crear tablas principales con restricciones estrictas
Validar reglas de negocio críticas en la base de datos,HOTELICA-29,10027,Subtarea,Listo,HOTELICA,Hotelica ,software,Cristhian David Urbina Cano,712020:13f77b23-199a-45b8-9731-69f475b9799d,,Medium,Listo,Tatiana,712020:82f33902-b415-48ab-af4f-ec7c296e06df,Cristhian David Urbina Cano,712020:13f77b23-199a-45b8-9731-69f475b9799d,Cristhian David Urbina Cano,712020:13f77b23-199a-45b8-9731-69f475b9799d,16/ago/26 1:04 PM,24/ago/26 1:23 PM,,24/ago/26 1:23 PM,,0,Implementar y probar restricciones específicas como validación de cédula y comparación de fechas/horas de reserva para que PostgreSQL rechace datos inválidos.,,Cristhian David Urbina Cano,,712020:13f77b23-199a-45b8-9731-69f475b9799d,,,,,,,,,,0|i0004f:,,,Sprint 0 · Base de datos,,,,,{},Listo,24/ago/26 1:23 PM,10014,HOTELICA-15,Crear tablas principales con restricciones estrictas
Agregar restricciones de integridad estrictas a las tablas,HOTELICA-28,10028,Subtarea,Listo,HOTELICA,Hotelica ,software,Cristhian David Urbina Cano,712020:13f77b23-199a-45b8-9731-69f475b9799d,,Medium,Listo,Tatiana,712020:82f33902-b415-48ab-af4f-ec7c296e06df,Cristhian David Urbina Cano,712020:13f77b23-199a-45b8-9731-69f475b9799d,Cristhian David Urbina Cano,712020:13f77b23-199a-45b8-9731-69f475b9799d,16/ago/26 1:04 PM,24/ago/26 1:23 PM,16/ago/26 1:04 PM,24/ago/26 1:23 PM,,0,"Configurar restricciones NOT NULL, UNIQUE, CHECK y FOREIGN KEY necesarias para garantizar integridad de datos en inserciones y actualizaciones.",,Cristhian David Urbina Cano,,712020:13f77b23-199a-45b8-9731-69f475b9799d,,,,,,,,,,0|i00047:,,,Sprint 0 · Base de datos,,,,,{},Listo,24/ago/26 1:23 PM,10014,HOTELICA-15,Crear tablas principales con restricciones estrictas
Definir el modelo entidad-relación y las tablas normalizadas en 3FN,HOTELICA-27,10026,Subtarea,Listo,HOTELICA,Hotelica ,software,Cristhian David Urbina Cano,712020:13f77b23-199a-45b8-9731-69f475b9799d,,Medium,Listo,Cristhian David Urbina Cano,712020:13f77b23-199a-45b8-9731-69f475b9799d,Cristhian David Urbina Cano,712020:13f77b23-199a-45b8-9731-69f475b9799d,Cristhian David Urbina Cano,712020:13f77b23-199a-45b8-9731-69f475b9799d,16/ago/26 1:03 PM,24/ago/26 1:29 PM,,24/ago/26 1:29 PM,,0,"Identificar las entidades principales del dominio Hotelica, sus atributos y relaciones para transformar el modelo lógico a un esquema relacional en tercera forma normal.",,Cristhian David Urbina Cano,,712020:13f77b23-199a-45b8-9731-69f475b9799d,,,,,,,,,,0|i0003z:,,,Sprint 0 · Base de datos,,,,,{},Listo,24/ago/26 1:29 PM,10012,HOTELICA-13,Diseñar esquema 3FN y diccionario de datos
Definir los ENUM y dominios de datos requeridos por el esquema,HOTELICA-26,10025,Subtarea,Listo,HOTELICA,Hotelica ,software,Cristhian David Urbina Cano,712020:13f77b23-199a-45b8-9731-69f475b9799d,,Medium,Listo,Edwin Ally Mercado Padilla,712020:4583d46a-0544-4a96-aaeb-68afff92ba63,Cristhian David Urbina Cano,712020:13f77b23-199a-45b8-9731-69f475b9799d,Cristhian David Urbina Cano,712020:13f77b23-199a-45b8-9731-69f475b9799d,16/ago/26 1:03 PM,24/ago/26 1:29 PM,16/ago/26 1:33 PM,24/ago/26 1:29 PM,,0,Especificar los valores permitidos para los campos categóricos y los tipos/dominios necesarios para mantener consistencia en las tablas del proyecto.,,Cristhian David Urbina Cano,,712020:13f77b23-199a-45b8-9731-69f475b9799d,,,,,,,,,,0|i0003r:,,,Sprint 0 · Base de datos,,,,,{},Listo,24/ago/26 1:29 PM,10012,HOTELICA-13,Diseñar esquema 3FN y diccionario de datos
Validar el diseño contra los criterios de aceptación de la base de datos,HOTELICA-25,10022,Subtarea,Listo,HOTELICA,Hotelica ,software,Cristhian David Urbina Cano,712020:13f77b23-199a-45b8-9731-69f475b9799d,,Medium,Listo,Edwin Ally Mercado Padilla,712020:4583d46a-0544-4a96-aaeb-68afff92ba63,Cristhian David Urbina Cano,712020:13f77b23-199a-45b8-9731-69f475b9799d,Cristhian David Urbina Cano,712020:13f77b23-199a-45b8-9731-69f475b9799d,16/ago/26 1:03 PM,24/ago/26 1:29 PM,,24/ago/26 1:29 PM,,0,"Revisar que el esquema propuesto soporte la creación de 17 tablas, 4 ENUM, 2 vistas, triggers y seeds, y que cubra las validaciones de cédula, fechas de reserva y auditoría.",,Cristhian David Urbina Cano,,712020:13f77b23-199a-45b8-9731-69f475b9799d,,,,,,,,,,0|i0003b:,,,Sprint 0 · Base de datos,,,,,{},Listo,24/ago/26 1:29 PM,10012,HOTELICA-13,Diseñar esquema 3FN y diccionario de datos
"Diseñar claves primarias, foráneas y restricciones de integridad",HOTELICA-24,10023,Subtarea,Listo,HOTELICA,Hotelica ,software,Cristhian David Urbina Cano,712020:13f77b23-199a-45b8-9731-69f475b9799d,,Medium,Listo,Tatiana,712020:82f33902-b415-48ab-af4f-ec7c296e06df,Cristhian David Urbina Cano,712020:13f77b23-199a-45b8-9731-69f475b9799d,Cristhian David Urbina Cano,712020:13f77b23-199a-45b8-9731-69f475b9799d,16/ago/26 1:03 PM,24/ago/26 1:29 PM,,24/ago/26 1:29 PM,,0,"Establecer identificadores, relaciones entre tablas, reglas de integridad referencial y restricciones de negocio necesarias para que la base de datos rechace datos inválidos.",,Cristhian David Urbina Cano,,712020:13f77b23-199a-45b8-9731-69f475b9799d,,,,,,,,,,0|i00033:,,,Sprint 0 · Base de datos,,,,,{},Listo,24/ago/26 1:29 PM,10012,HOTELICA-13,Diseñar esquema 3FN y diccionario de datos
Elaborar el diccionario de datos completo,HOTELICA-23,10024,Subtarea,Listo,HOTELICA,Hotelica ,software,Cristhian David Urbina Cano,712020:13f77b23-199a-45b8-9731-69f475b9799d,,Medium,Listo,Tatiana,712020:82f33902-b415-48ab-af4f-ec7c296e06df,Cristhian David Urbina Cano,712020:13f77b23-199a-45b8-9731-69f475b9799d,Cristhian David Urbina Cano,712020:13f77b23-199a-45b8-9731-69f475b9799d,16/ago/26 1:03 PM,24/ago/26 1:29 PM,,24/ago/26 1:29 PM,,0,"Documentar para cada tabla, campo, tipo de dato, nulabilidad, clave, restricciones, valores permitidos y descripción funcional para facilitar implementación y mantenimiento.",,Cristhian David Urbina Cano,,712020:13f77b23-199a-45b8-9731-69f475b9799d,,,,,,,,,,0|i0003j:,,,Sprint 0 · Base de datos,,,,,{},Listo,24/ago/26 1:29 PM,10012,HOTELICA-13,Diseñar esquema 3FN y diccionario de datos
Verificar el funcionamiento de la auditoría de reservas,HOTELICA-22,10020,Subtarea,Listo,HOTELICA,Hotelica ,software,Cristhian David Urbina Cano,712020:13f77b23-199a-45b8-9731-69f475b9799d,,Medium,Listo,Cristhian David Urbina Cano,712020:13f77b23-199a-45b8-9731-69f475b9799d,Cristhian David Urbina Cano,712020:13f77b23-199a-45b8-9731-69f475b9799d,Cristhian David Urbina Cano,712020:13f77b23-199a-45b8-9731-69f475b9799d,16/ago/26 11:13 AM,24/ago/26 1:28 PM,,24/ago/26 1:28 PM,,0,"Crear y actualizar una reserva y confirmar que la tabla de auditoría registra tabla, operación, usuario y fecha correctamente.",,Cristhian David Urbina Cano,,712020:13f77b23-199a-45b8-9731-69f475b9799d,,,,,,,,,,0|i0002n:,,,Sprint 0 · Base de datos,,,,,{},Listo,24/ago/26 1:28 PM,10016,HOTELICA-17,Cargar script en Supabase y validar criterios (QA)
Registrar hallazgos y corregir incidencias detectadas en QA,HOTELICA-21,10021,Subtarea,Listo,HOTELICA,Hotelica ,software,Cristhian David Urbina Cano,712020:13f77b23-199a-45b8-9731-69f475b9799d,,Medium,Listo,Tatiana,712020:82f33902-b415-48ab-af4f-ec7c296e06df,Cristhian David Urbina Cano,712020:13f77b23-199a-45b8-9731-69f475b9799d,Cristhian David Urbina Cano,712020:13f77b23-199a-45b8-9731-69f475b9799d,16/ago/26 11:13 AM,24/ago/26 1:28 PM,,24/ago/26 1:28 PM,,0,Documentar errores encontrados durante la validación del script y coordinar o aplicar ajustes necesarios hasta dejar la base de datos cumpliendo los criterios de aceptación.,,Cristhian David Urbina Cano,,712020:13f77b23-199a-45b8-9731-69f475b9799d,,,,,,,,,,0|i0002f:,,,Sprint 0 · Base de datos,,,,,{},Listo,24/ago/26 1:28 PM,10016,HOTELICA-17,Cargar script en Supabase y validar criterios (QA)
"Validar la creación de tablas, ENUM, vistas, triggers y seeds",HOTELICA-20,10019,Subtarea,Listo,HOTELICA,Hotelica ,software,Cristhian David Urbina Cano,712020:13f77b23-199a-45b8-9731-69f475b9799d,,Medium,Listo,Edwin Ally Mercado Padilla,712020:4583d46a-0544-4a96-aaeb-68afff92ba63,Cristhian David Urbina Cano,712020:13f77b23-199a-45b8-9731-69f475b9799d,Cristhian David Urbina Cano,712020:13f77b23-199a-45b8-9731-69f475b9799d,16/ago/26 11:13 AM,24/ago/26 1:28 PM,,24/ago/26 1:28 PM,,0,"Comprobar en Supabase que la ejecución completa del script crea correctamente las 17 tablas, 4 ENUM, 2 vistas, los triggers y los datos semilla sin errores.",,Cristhian David Urbina Cano,,712020:13f77b23-199a-45b8-9731-69f475b9799d,,,,,,,,,,0|i00027:,,,Sprint 0 · Base de datos,,,,,{},Listo,24/ago/26 1:28 PM,10016,HOTELICA-17,Cargar script en Supabase y validar criterios (QA)
Importar el script supabase-hotelica.sql en Supabase,HOTELICA-19,10018,Subtarea,Listo,HOTELICA,Hotelica ,software,Cristhian David Urbina Cano,712020:13f77b23-199a-45b8-9731-69f475b9799d,,Medium,Listo,Cristhian David Urbina Cano,712020:13f77b23-199a-45b8-9731-69f475b9799d,Cristhian David Urbina Cano,712020:13f77b23-199a-45b8-9731-69f475b9799d,Cristhian David Urbina Cano,712020:13f77b23-199a-45b8-9731-69f475b9799d,16/ago/26 11:13 AM,24/ago/26 1:28 PM,,24/ago/26 1:28 PM,,0,Cargar y ejecutar el script SQL en el proyecto Supabase para crear la base de datos relacional definida por el equipo.,,Cristhian David Urbina Cano,,712020:13f77b23-199a-45b8-9731-69f475b9799d,,,,,,,,,,0|i0002v:,,,Sprint 0 · Base de datos,,,,,{},Listo,24/ago/26 1:28 PM,10016,HOTELICA-17,Cargar script en Supabase y validar criterios (QA)
Probar las restricciones de integridad de datos,HOTELICA-18,10017,Subtarea,Listo,HOTELICA,Hotelica ,software,Cristhian David Urbina Cano,712020:13f77b23-199a-45b8-9731-69f475b9799d,,Medium,Listo,Cristhian David Urbina Cano,712020:13f77b23-199a-45b8-9731-69f475b9799d,Cristhian David Urbina Cano,712020:13f77b23-199a-45b8-9731-69f475b9799d,Cristhian David Urbina Cano,712020:13f77b23-199a-45b8-9731-69f475b9799d,16/ago/26 11:13 AM,24/ago/26 1:28 PM,,24/ago/26 1:28 PM,,0,Ejecutar casos de prueba para verificar que PostgreSQL rechaza una cédula inválida y una reserva con salida menor o igual a la llegada.,,Cristhian David Urbina Cano,,712020:13f77b23-199a-45b8-9731-69f475b9799d,,,,,,,,,,0|i0001z:,,,Sprint 0 · Base de datos,,,,,{},Listo,24/ago/26 1:28 PM,10016,HOTELICA-17,Cargar script en Supabase y validar criterios (QA)
Cargar script en Supabase y validar criterios (QA),HOTELICA-17,10016,Tarea,Listo,HOTELICA,Hotelica ,software,Cristhian David Urbina Cano,712020:13f77b23-199a-45b8-9731-69f475b9799d,,Medium,Listo,Cristhian David Urbina Cano,712020:13f77b23-199a-45b8-9731-69f475b9799d,Cristhian David Urbina Cano,712020:13f77b23-199a-45b8-9731-69f475b9799d,Cristhian David Urbina Cano,712020:13f77b23-199a-45b8-9731-69f475b9799d,15/ago/26 9:24 PM,23/ago/26 10:25 PM,,23/ago/26 10:25 PM,,0,,,Cristhian David Urbina Cano,,712020:13f77b23-199a-45b8-9731-69f475b9799d,,,,,,,,,,0|i0001f:,,,Sprint 0 · Base de datos,,,,,{},Listo,23/ago/26 10:25 PM,10011,HOTELICA-12,HU-000: Crear la base de datos relacional del proyecto
"Crear tablas intermedias, vistas y triggers (auditoría/validación)",HOTELICA-16,10015,Tarea,Listo,HOTELICA,Hotelica ,software,Cristhian David Urbina Cano,712020:13f77b23-199a-45b8-9731-69f475b9799d,,Medium,Listo,Tatiana,712020:82f33902-b415-48ab-af4f-ec7c296e06df,Cristhian David Urbina Cano,712020:13f77b23-199a-45b8-9731-69f475b9799d,Cristhian David Urbina Cano,712020:13f77b23-199a-45b8-9731-69f475b9799d,15/ago/26 9:24 PM,23/ago/26 1:37 PM,26/ago/26 3:58 PM,23/ago/26 1:37 PM,,0,,,Cristhian David Urbina Cano,,712020:13f77b23-199a-45b8-9731-69f475b9799d,,,,,,,,,,0|i0000v:,,,Sprint 0 · Base de datos,,,,,{},Listo,23/ago/26 1:37 PM,10011,HOTELICA-12,HU-000: Crear la base de datos relacional del proyecto
Crear tablas principales con restricciones estrictas,HOTELICA-15,10014,Tarea,Listo,HOTELICA,Hotelica ,software,Cristhian David Urbina Cano,712020:13f77b23-199a-45b8-9731-69f475b9799d,,Medium,Listo,Edwin Ally Mercado Padilla,712020:4583d46a-0544-4a96-aaeb-68afff92ba63,Cristhian David Urbina Cano,712020:13f77b23-199a-45b8-9731-69f475b9799d,Cristhian David Urbina Cano,712020:13f77b23-199a-45b8-9731-69f475b9799d,15/ago/26 9:23 PM,15/ago/26 9:47 PM,16/ago/26 1:04 PM,15/ago/26 9:47 PM,,0,,,Cristhian David Urbina Cano,,712020:13f77b23-199a-45b8-9731-69f475b9799d,,,,,,,,,,0|i0001b:,,,Sprint 0 · Base de datos,,,,,{},Listo,15/ago/26 9:47 PM,10011,HOTELICA-12,HU-000: Crear la base de datos relacional del proyecto
"Crear catálogos y seeds (roles, 17 departamentos, IVA 15%)",HOTELICA-14,10013,Tarea,Listo,HOTELICA,Hotelica ,software,Cristhian David Urbina Cano,712020:13f77b23-199a-45b8-9731-69f475b9799d,,Medium,Listo,Tatiana,712020:82f33902-b415-48ab-af4f-ec7c296e06df,Cristhian David Urbina Cano,712020:13f77b23-199a-45b8-9731-69f475b9799d,Cristhian David Urbina Cano,712020:13f77b23-199a-45b8-9731-69f475b9799d,15/ago/26 9:23 PM,15/ago/26 9:47 PM,26/ago/26 3:56 PM,15/ago/26 9:47 PM,,0,,,Cristhian David Urbina Cano,,712020:13f77b23-199a-45b8-9731-69f475b9799d,,,,,,,,,,0|i0001j:,,,Sprint 0 · Base de datos,,,,,{},Listo,15/ago/26 9:47 PM,10011,HOTELICA-12,HU-000: Crear la base de datos relacional del proyecto
Diseñar esquema 3FN y diccionario de datos,HOTELICA-13,10012,Tarea,Listo,HOTELICA,Hotelica ,software,Cristhian David Urbina Cano,712020:13f77b23-199a-45b8-9731-69f475b9799d,,Medium,Listo,Cristhian David Urbina Cano,712020:13f77b23-199a-45b8-9731-69f475b9799d,Cristhian David Urbina Cano,712020:13f77b23-199a-45b8-9731-69f475b9799d,Cristhian David Urbina Cano,712020:13f77b23-199a-45b8-9731-69f475b9799d,15/ago/26 9:23 PM,23/ago/26 1:37 PM,26/ago/26 3:58 PM,23/ago/26 1:37 PM,,0,,,Cristhian David Urbina Cano,,712020:13f77b23-199a-45b8-9731-69f475b9799d,,,,,,,,,,0|i0000n:,,,Sprint 0 · Base de datos,,,,,{},Listo,23/ago/26 1:37 PM,10011,HOTELICA-12,HU-000: Crear la base de datos relacional del proyecto
HU-000: Crear la base de datos relacional del proyecto,HOTELICA-12,10011,Epic,Listo,HOTELICA,Hotelica ,software,Cristhian David Urbina Cano,712020:13f77b23-199a-45b8-9731-69f475b9799d,,Medium,Listo,Cristhian David Urbina Cano,712020:13f77b23-199a-45b8-9731-69f475b9799d,Cristhian David Urbina Cano,712020:13f77b23-199a-45b8-9731-69f475b9799d,Cristhian David Urbina Cano,712020:13f77b23-199a-45b8-9731-69f475b9799d,15/ago/26 9:21 PM,07/sep/26 10:01 PM,26/ago/26 3:57 PM,25/ago/26 10:55 PM,22/ago/26 12:00 AM,0,"COMO integrante del equipo de desarrollo
QUIERO crear la base de datos relacional normalizada en Supabase
PARA que todas las interfaces tengan una fuente única e íntegra de datos.

Criterios de aceptación:

* DADO QUE se ejecuta supabase-hotelica.sql CUANDO corre completo
ENTONCES se crean 17 tablas, 4 ENUM, 2 vistas, triggers y seeds sin error.
* DADO QUE las restricciones están activas CUANDO inserto cédula inválida
o salida<=llegada ENTONCES PostgreSQL rechaza la operación.
* DADO QUE se inserta/actualiza una reserva CUANDO consulto auditoria
ENTONCES aparece el registro con tabla, operación, usuario y fecha.",,Cristhian David Urbina Cano,,712020:13f77b23-199a-45b8-9731-69f475b9799d,,,,,,,,,,0|hzzzzj:,blue,08/ago/26 12:00 AM,Sprint 0 · Base de datos,8.0,d0f63124-99f3-4cfb-9169-db890bbc41e9,Programadores sin oficio,,{},Listo,25/ago/26 10:55 PM,,,
HU-001: Buscar hoteles por destino y fechas,HOTELICA-6,10005,Historia,Listo,HOTELICA,Hotelica ,software,Cristhian David Urbina Cano,712020:13f77b23-199a-45b8-9731-69f475b9799d,,Medium,Listo,Cristhian David Urbina Cano,712020:13f77b23-199a-45b8-9731-69f475b9799d,Cristhian David Urbina Cano,712020:13f77b23-199a-45b8-9731-69f475b9799d,Cristhian David Urbina Cano,712020:13f77b23-199a-45b8-9731-69f475b9799d,11/ago/26 10:01 PM,15/ago/26 7:16 PM,15/ago/26 8:38 PM,11/ago/26 10:11 PM,,0,"COMO turista QUIERO buscar hoteles por departamento y fechas
PARA ver opciones disponibles en mi destino.",,Cristhian David Urbina Cano,,712020:13f77b23-199a-45b8-9731-69f475b9799d,,,,,,,,,,0|i0000f:,,,,5.0,,,,{},Listo,11/ago/26 10:11 PM,,,
